,k,d,a,dmgtochamps,dmgtochampsperminute,kpm,minionkills
0,0,4,4,11588,436.7336683417085,0.0,180
1,1,4,5,7925,298.68090452261305,0.0376884422110552,35
2,1,5,6,7557,284.8115577889447,0.0376884422110552,186
3,3,4,1,7369,277.7261306532663,0.1130653266331658,219
4,2,5,2,2694,101.53266331658293,0.0753768844221105,12
5,1,1,12,14478,545.6532663316583,0.0376884422110552,182
6,7,1,6,7782,293.2914572864321,0.2638190954773869,18
7,3,2,10,12668,477.4371859296482,0.1130653266331658,222
8,3,5,4,14933,392.28546409807353,0.0788091068301225,300
9,1,5,6,10854,285.1313485113835,0.0262697022767075,66
10,1,3,1,5124,134.60595446584938,0.0262697022767075,266
11,3,1,2,15290,401.6637478108581,0.0788091068301225,375
12,0,2,4,5546,145.69176882661995,0.0,15
13,2,2,11,13270,348.5989492119089,0.052539404553415,232
14,3,2,4,11115,291.9877408056042,0.0788091068301225,39
15,5,1,6,23961,629.448336252189,0.1313485113835376,313
16,5,0,4,20072,527.2854640980735,0.1313485113835376,249
17,1,3,9,5288,138.9141856392294,0.0262697022767075,20
18,1,2,14,17523,466.24390243902434,0.0266075388026607,300
19,0,1,16,5217,138.81152993348115,0.0,26
20,7,2,5,22087,587.680709534368,0.1862527716186252,315
21,0,0,12,5562,147.9911308203991,0.0,76
22,3,3,2,11244,299.17516629711747,0.0798226164079822,268
23,2,6,2,9640,256.49667405764967,0.0532150776053215,33
24,2,3,1,17777,473.0022172949002,0.0532150776053215,319
25,1,2,4,10828,288.1064301552106,0.0266075388026607,303
26,0,4,3,2828,75.2461197339246,0.0,61
27,2,3,2,23033,583.360067539046,0.0506542845082313,305
28,1,5,6,15703,397.71211481637823,0.0253271422541156,44
29,3,2,6,11960,302.9126213592233,0.0759814267623469,247
30,5,3,2,15395,389.9113550021106,0.1266357112705783,331
31,1,3,8,6195,156.90164626424652,0.0253271422541156,19
32,0,2,6,9638,244.10299704516677,0.0,289
33,3,2,7,12974,328.5943436048965,0.0759814267623469,46
34,5,3,5,13257,335.7619248628113,0.1266357112705783,344
35,8,2,6,34704,878.9531447868299,0.2026171380329252,379
36,0,3,10,3162,80.08442380751372,0.0,93
37,1,3,1,4169,106.85177274668943,0.025630072618539,261
38,0,4,0,3435,88.03929944468176,0.0,29
39,1,1,0,9444,242.05040580948312,0.025630072618539,354
40,0,1,0,6331,162.26398974797095,0.0,379
41,0,1,1,2378,60.94831268688595,0.0,64
42,3,1,2,18139,464.9038872276805,0.0768902178556172,324
43,5,0,1,8100,207.6035882101666,0.1281503630926954,32
44,1,1,7,8562,219.44468175993163,0.025630072618539,311
45,1,0,4,9564,245.12601452370785,0.025630072618539,320
46,0,0,8,4311,110.491243058522,0.0,11
47,3,1,5,16105,534.162520729685,0.099502487562189,245
48,2,1,8,6318,209.55223880597012,0.066334991708126,15
49,3,1,3,15184,503.6152570480929,0.099502487562189,241
50,4,2,3,13105,434.6600331674959,0.132669983416252,278
51,1,0,9,4253,141.06135986733003,0.033167495854063,15
52,1,3,1,21000,696.5174129353234,0.033167495854063,234
53,1,3,3,4630,153.56550580431178,0.033167495854063,20
54,0,1,3,8091,268.3582089552239,0.0,186
55,2,2,1,10790,357.87728026534,0.066334991708126,250
56,1,4,2,3337,110.67993366500828,0.033167495854063,53
57,2,4,3,9242,266.8527430221367,0.0577478344562078,216
58,5,4,5,14179,409.4032723772859,0.1443695861405197,38
59,1,4,3,9043,261.106833493744,0.0288739172281039,242
60,4,2,5,17937,517.9114533205005,0.1154956689124157,312
61,0,3,8,4951,142.95476419634264,0.0,24
62,4,0,6,23851,688.6717998075072,0.1154956689124157,320
63,3,2,9,9528,275.1106833493744,0.0866217516843118,30
64,5,2,6,19791,571.4436958614052,0.1443695861405197,269
65,5,4,4,16187,467.3820981713186,0.1443695861405197,265
66,0,4,12,4175,120.54860442733396,0.0,80
67,0,1,0,1505,43.941605839416056,0.0,269
68,0,2,3,4269,124.64233576642336,0.0,16
69,0,2,2,9010,263.0656934306569,0.0,272
70,2,1,0,11046,322.5109489051095,0.0583941605839416,343
71,1,1,2,2511,73.31386861313868,0.0291970802919708,20
72,1,1,2,20867,609.2554744525547,0.0291970802919708,316
73,1,1,4,2803,81.83941605839416,0.0291970802919708,25
74,4,1,2,14665,428.1751824817519,0.1167883211678832,291
75,1,1,3,6283,183.44525547445252,0.0291970802919708,339
76,0,1,6,3873,113.08029197080292,0.0,14
77,5,1,5,20564,682.433628318584,0.165929203539823,248
78,6,1,10,16021,531.6703539823009,0.1991150442477876,26
79,3,4,8,18481,613.3075221238938,0.0995575221238938,254
80,8,0,4,18160,602.6548672566372,0.2654867256637168,285
81,0,5,7,2527,83.86061946902655,0.0,53
82,1,5,7,14163,470.01106194690266,0.0331858407079646,210
83,6,6,1,7902,262.2345132743363,0.1991150442477876,30
84,2,4,6,12186,404.4026548672567,0.0663716814159292,225
85,1,4,4,9789,324.8561946902655,0.0331858407079646,275
86,1,3,5,3481,115.51991150442478,0.0331858407079646,11
87,6,2,7,20767,518.7427144046628,0.1498751040799334,349
88,3,4,5,13944,348.3097418817652,0.0749375520399667,47
89,5,7,10,17338,433.08909242298085,0.1248959200666111,245
90,6,3,6,17340,433.1390507910075,0.1498751040799334,368
91,1,3,11,8585,214.44629475437137,0.0249791840133222,89
92,2,4,6,19497,487.0191507077436,0.0499583680266444,288
93,4,5,11,12877,321.6569525395504,0.0999167360532889,44
94,6,3,6,22701,567.052456286428,0.1498751040799334,337
95,6,5,3,15246,380.8326394671108,0.1498751040799334,294
96,1,4,13,6017,150.29975020815988,0.0249791840133222,31
97,1,2,0,5780,238.02333562113927,0.0411805078929306,207
98,1,3,0,9072,373.5895676046671,0.0411805078929306,24
99,0,3,1,2345,96.56829100892244,0.0,169
100,1,2,1,4724,194.5367192862045,0.0411805078929306,199
101,0,4,1,1859,76.55456417295812,0.0,39
102,0,1,6,4956,204.09059711736444,0.0,158
103,7,0,6,6829,281.2216884008236,0.2882635552505147,23
104,3,0,6,14172,583.6101578586135,0.123541523678792,203
105,3,1,7,10392,427.9478380233356,0.123541523678792,218
106,1,1,10,2869,118.1468771448181,0.0411805078929306,11
107,4,3,1,5452,181.63242642976124,0.1332593003886729,236
108,2,4,4,5912,196.95724597445863,0.0666296501943364,20
109,1,6,3,5589,186.1965574680733,0.0333148250971682,182
110,1,4,4,13160,438.4230982787341,0.0333148250971682,281
111,1,3,2,3060,101.94336479733482,0.0333148250971682,55
112,2,0,10,9273,308.9283731260411,0.0666296501943364,234
113,2,3,5,5627,187.46252082176568,0.0666296501943364,36
114,5,0,6,11460,381.787895613548,0.1665741254858412,215
115,0,3,10,3039,101.24375347029428,0.0,53
116,2,4,3,15840,470.49504950495054,0.0594059405940594,260
117,4,3,3,11135,330.74257425742576,0.1188118811881188,25
118,0,4,5,11385,338.1683168316832,0.0,245
119,2,2,4,11733,348.5049504950495,0.0594059405940594,304
120,0,5,4,5376,159.68316831683168,0.0,62
121,4,1,8,19229,571.1584158415842,0.1188118811881188,247
122,4,3,10,11285,335.1980198019802,0.1188118811881188,43
123,4,2,5,17392,516.5940594059406,0.1188118811881188,236
124,3,2,13,16706,496.2178217821783,0.0891089108910891,273
125,3,0,14,6213,184.5445544554456,0.0891089108910891,14
126,3,2,0,9074,220.42105263157896,0.0728744939271255,286
127,1,2,3,8110,197.00404858299595,0.0242914979757085,29
128,3,3,2,18816,457.0688259109312,0.0728744939271255,316
129,3,3,3,18885,458.7449392712551,0.0728744939271255,338
130,0,6,6,3390,82.34817813765183,0.0,74
131,4,5,3,13076,317.6356275303644,0.097165991902834,231
132,2,3,12,5803,140.96356275303646,0.048582995951417,29
133,1,0,14,13463,327.0364372469636,0.0242914979757085,319
134,9,0,4,33019,802.0809716599191,0.2186234817813765,422
135,0,2,14,5663,137.56275303643724,0.0,24
136,5,3,10,27062,426.7332457293036,0.0788436268068331,46
137,1,4,12,8128,128.1681997371879,0.0157687253613666,98
138,3,8,9,23324,367.7897503285152,0.0473061760840998,333
139,1,6,9,8607,135.72141918528254,0.0157687253613666,50
140,0,5,13,3708,58.47043363994744,0.0,22
141,3,1,8,20152,819.1869918699186,0.1219512195121951,210
142,3,1,5,6029,245.0813008130081,0.1219512195121951,23
143,2,1,6,7277,295.8130081300813,0.08130081300813,254
144,5,0,7,9076,368.9430894308943,0.2032520325203252,219
145,0,2,9,2994,121.70731707317071,0.0,5
146,0,3,2,7989,324.7560975609756,0.0,182
147,0,3,4,1950,79.26829268292683,0.0,12
148,1,3,3,6705,272.5609756097561,0.040650406504065,203
149,2,2,1,5468,222.2764227642276,0.08130081300813,235
150,1,2,2,2050,83.33333333333333,0.040650406504065,32
151,9,6,2,35096,901.4383561643835,0.2311643835616438,256
152,2,5,7,6380,163.86986301369865,0.0513698630136986,51
153,2,2,3,16296,418.5616438356165,0.0513698630136986,252
154,3,4,2,15857,407.2859589041096,0.0770547945205479,390
155,1,3,3,5336,137.05479452054794,0.0256849315068493,84
156,5,7,5,21142,543.0308219178082,0.1284246575342466,302
157,3,2,9,15463,397.166095890411,0.0770547945205479,15
158,4,2,3,28839,740.7277397260275,0.1027397260273972,336
159,8,2,4,22527,578.6044520547946,0.2054794520547945,319
160,0,4,9,6067,155.83047945205482,0.0,22
161,1,1,0,7715,271.8144450968878,0.0352319436288901,196
162,0,3,1,2842,100.12918379330593,0.0,14
163,0,5,1,10505,370.1115678214915,0.0,198
164,0,3,0,5554,195.6782149148561,0.0,289
165,0,3,0,2264,79.7651203758074,0.0,48
166,3,1,6,12096,426.16559013505577,0.1056958308866705,237
167,3,0,9,8521,300.21139166177335,0.1056958308866705,21
168,3,0,4,11078,390.2994715208456,0.1056958308866705,260
169,5,1,6,8247,290.5578391074574,0.1761597181444509,198
170,1,0,9,2714,95.619495008808,0.0352319436288901,7
171,8,3,5,17144,552.438238453276,0.2577873254564983,255
172,5,2,11,15774,508.2921589688507,0.1611170784103114,21
173,6,3,5,14518,467.8195488721804,0.1933404940923737,253
174,8,1,10,17278,556.7561761546724,0.2577873254564983,257
175,2,6,1,9233,297.5187969924812,0.0644468313641245,196
176,0,7,4,4426,142.62083780880772,0.0,19
177,7,1,3,18073,582.3737916219119,0.225563909774436,292
178,1,5,5,8671,279.40923737916216,0.0322234156820622,236
179,1,8,7,3872,124.76906552094522,0.0322234156820622,60
180,4,1,3,18035,589.0582471420795,0.130647795318454,237
181,1,1,7,9191,300.19597169297765,0.0326619488296135,28
182,4,1,6,11292,368.8187261839957,0.130647795318454,229
183,5,1,9,17784,580.8600979858464,0.1633097441480675,267
184,1,4,9,3269,106.77191072400652,0.0326619488296135,68
185,1,0,2,7045,230.10342950462712,0.0326619488296135,243
186,2,3,5,7875,257.2128470332063,0.065323897659227,34
187,0,5,4,8877,289.94011976047904,0.0,209
188,3,3,4,12809,418.3669025585193,0.0979858464888405,232
189,2,4,6,4302,140.5117038649973,0.065323897659227,27
190,2,2,7,17755,450.4439746300212,0.0507399577167019,290
191,5,3,6,15586,395.41649048625794,0.1268498942917547,44
192,3,3,3,19179,486.5708245243129,0.0761099365750528,309
193,3,2,5,31085,788.6257928118393,0.0761099365750528,379
194,0,0,11,3629,92.0676532769556,0.0,29
195,3,3,2,15629,396.5073995771671,0.0761099365750528,301
196,1,2,6,5733,145.44608879492603,0.0253699788583509,32
197,2,2,4,13129,333.08245243128965,0.0507399577167019,261
198,3,3,4,17611,446.79069767441865,0.0761099365750528,409
199,1,3,7,5313,134.79069767441862,0.0253699788583509,69
200,1,3,4,5404,191.63120567375887,0.0354609929078014,230
201,3,3,3,5750,203.90070921985816,0.1063829787234042,33
202,0,3,0,4420,156.7375886524823,0.0,209
203,2,2,2,6115,216.84397163120568,0.0709219858156028,236
204,0,6,5,1624,57.5886524822695,0.0,17
205,3,2,6,9883,350.4609929078014,0.1063829787234042,254
206,4,1,9,6566,232.83687943262413,0.1418439716312056,15
207,6,0,5,13636,483.54609929078015,0.2127659574468085,226
208,2,3,9,8277,293.51063829787233,0.0709219858156028,270
209,2,1,14,11152,395.4609929078014,0.0709219858156028,19
210,2,2,8,8709,255.02196193265007,0.0585651537335285,208
211,6,1,5,14778,432.7379209370425,0.1756954612005856,31
212,3,2,6,16953,496.4275256222548,0.0878477306002928,283
213,5,2,7,14477,423.9238653001464,0.1464128843338213,298
214,1,2,9,4527,132.56222547584187,0.0292825768667642,18
215,2,3,4,14710,430.7467057101025,0.0585651537335285,299
216,3,3,2,8398,245.9150805270864,0.0878477306002928,22
217,2,4,3,13654,399.8243045387994,0.0585651537335285,224
218,2,4,4,19510,571.303074670571,0.0585651537335285,268
219,0,3,6,5297,155.10980966325036,0.0,20
220,1,5,6,22085,544.4124897288414,0.0246507806080525,326
221,6,2,2,11058,272.5883319638455,0.1479046836483155,68
222,2,2,4,16014,394.7576006573541,0.0493015612161051,333
223,2,3,5,16477,406.17091207888245,0.0493015612161051,395
224,1,6,6,3633,89.55628594905505,0.0246507806080525,13
225,4,3,4,21111,520.4026294165982,0.0986031224322103,364
226,2,2,11,7293,179.77814297452753,0.0493015612161051,39
227,6,4,5,20054,494.34675431388655,0.1479046836483155,284
228,5,1,7,23546,580.4272801972062,0.1232539030402629,370
229,1,2,7,5936,146.32703368940014,0.0246507806080525,18
230,0,2,1,3492,114.99451152579584,0.0,238
231,0,4,1,3854,126.91547749725576,0.0,12
232,1,1,1,9855,324.5334796926454,0.0329308452250274,298
233,1,3,0,11497,378.6059275521405,0.0329308452250274,296
234,0,3,1,4271,140.6476399560922,0.0,15
235,1,1,6,12349,406.6630076838639,0.0329308452250274,279
236,4,1,4,7918,260.7464324917673,0.1317233809001097,17
237,3,0,3,8554,281.6904500548848,0.0987925356750823,265
238,4,0,6,9551,314.5225027442371,0.1317233809001097,296
239,1,0,9,4178,137.58507135016464,0.0329308452250274,5
240,5,4,5,19246,689.820788530466,0.1792114695340501,217
241,3,0,7,5306,190.17921146953407,0.1075268817204301,33
242,1,1,8,10097,361.89964157706095,0.03584229390681,184
243,6,0,4,14703,526.989247311828,0.2150537634408602,258
244,0,0,10,3139,112.50896057347671,0.0,14
245,2,4,2,11035,395.5197132616488,0.07168458781362,173
246,3,1,2,9300,333.33333333333337,0.1075268817204301,46
247,0,3,0,5513,197.59856630824373,0.0,193
248,0,1,0,8573,307.27598566308245,0.0,221
249,0,6,0,2871,102.90322580645162,0.0,10
250,1,2,0,2584,98.5632549268913,0.0381436745073108,195
251,2,0,7,8123,309.84106802288625,0.0762873490146217,19
252,2,0,3,6442,245.72155117609665,0.0762873490146217,208
253,5,0,4,5114,195.0667514303878,0.1907183725365543,245
254,1,1,7,1896,72.32040686586141,0.0381436745073108,45
255,1,2,1,2644,100.85187539732996,0.0381436745073108,185
256,1,2,1,5496,209.63763509218057,0.0381436745073108,14
257,0,3,1,6381,243.39478703115068,0.0,219
258,0,3,1,3193,121.79275270184364,0.0,206
259,1,1,1,2102,80.17800381436746,0.0381436745073108,14
260,1,4,11,8794,211.056,0.024,189
261,1,6,10,11831,283.944,0.024,36
262,2,5,6,17221,413.304,0.048,260
263,2,7,10,3992,95.808,0.048,85
264,8,4,9,27377,657.048,0.192,262
265,4,4,10,17695,424.68,0.096,51
266,7,3,10,19773,474.552,0.168,302
267,3,3,8,7168,172.032,0.072,257
268,2,3,8,20045,605.5891238670695,0.0604229607250755,284
269,2,2,7,14506,438.2477341389728,0.0604229607250755,28
270,4,2,7,10371,313.32326283987913,0.120845921450151,245
271,5,3,7,7678,231.96374622356493,0.1510574018126888,264
272,1,4,10,8249,249.214501510574,0.0302114803625377,20
273,3,3,4,8229,248.61027190332325,0.0906344410876132,243
274,0,4,7,3517,106.25377643504532,0.0,16
275,5,2,3,12672,382.8398791540785,0.1510574018126888,270
276,4,3,5,15947,481.7824773413897,0.120845921450151,290
277,2,3,10,4689,141.66163141993957,0.0604229607250755,75
278,0,1,1,2333,102.69992663242849,0.0,171
279,1,2,1,4675,205.7960381511372,0.0440205429200293,14
280,0,2,1,5009,220.498899486427,0.0,194
281,1,4,0,6315,277.9897285399853,0.0440205429200293,162
282,0,4,1,4018,176.87454145267793,0.0,18
283,3,1,2,11911,524.3286867204696,0.132061628760088,205
284,0,0,5,4199,184.84225972120325,0.0,13
285,6,0,2,10237,450.6382978723405,0.2641232575201761,208
286,4,1,3,7957,350.27146001467355,0.1760821716801174,213
287,0,0,9,7629,335.8327219369039,0.0,8
288,3,1,7,13307,443.8132295719845,0.1000555864369093,237
289,3,1,6,6911,230.4947192884936,0.1000555864369093,23
290,5,2,1,15314,510.7504168982768,0.1667593107281823,253
291,2,0,4,11132,371.2729294052251,0.0667037242912729,291
292,0,2,8,3120,104.05780989438576,0.0,46
293,3,2,0,5437,181.33407448582545,0.1000555864369093,225
294,2,2,2,4188,139.6775986659255,0.0667037242912729,44
295,0,3,2,4810,160.4224569205114,0.0,230
296,1,2,2,7578,252.7404113396331,0.0333518621456364,264
297,0,4,3,2244,74.84157865480823,0.0,18
298,1,4,14,16248,587.9855247285886,0.0361881785283474,197
299,2,0,16,5922,214.30639324487333,0.0723763570566948,28
300,6,3,7,11788,426.58624849215926,0.2171290711700844,209
301,2,2,9,4876,176.45355850422197,0.0723763570566948,44
302,2,5,4,9491,343.46200241254525,0.0723763570566948,193
303,4,5,3,11217,405.9227985524728,0.1447527141133896,25
304,3,4,2,5973,216.15199034981907,0.1085645355850422,233
305,0,2,2,12835,464.47527141133895,0.0,245
306,0,5,1,3253,117.72014475271412,0.0,7
307,2,2,9,21940,593.2401982875169,0.0540784136998648,259
308,2,1,6,7096,191.8702118071203,0.0540784136998648,51
309,3,1,5,12788,345.7773771969356,0.0811176205497972,324
310,1,3,12,4718,127.57097791798108,0.0270392068499324,10
311,1,3,6,16477,445.52501126633615,0.0270392068499324,347
312,0,4,7,3536,95.61063542136095,0.0,40
313,0,3,5,12757,344.93916178458767,0.0,299
314,4,4,1,11876,321.1176205497972,0.1081568273997296,330
315,2,5,2,2896,78.30554303740423,0.0540784136998648,18
316,0,2,5,9797,350.72792362768496,0.0,197
317,5,1,2,6607,236.527446300716,0.1789976133651551,21
318,0,1,4,8380,300.0,0.0,254
319,3,0,5,13501,483.3293556085919,0.107398568019093,249
320,3,0,7,5551,198.7231503579952,0.107398568019093,62
321,1,4,1,10125,362.4701670644391,0.035799522673031,205
322,1,3,3,4128,147.78042959427208,0.035799522673031,18
323,2,0,0,8669,310.34606205250594,0.071599045346062,245
324,0,1,1,7399,264.8806682577565,0.0,219
325,0,3,1,6927,247.98329355608595,0.0,13
326,3,1,1,12472,377.748611812216,0.0908632004038364,301
327,1,2,3,4959,150.19687026754164,0.0302877334679454,29
328,5,0,4,12714,385.0782433114589,0.1514386673397274,262
329,5,1,2,14357,434.8409893992933,0.1514386673397274,349
330,0,1,7,2848,86.25946491670874,0.0,20
331,1,3,3,16500,499.74760222110046,0.0302877334679454,284
332,3,3,2,3320,100.555275113579,0.0908632004038364,26
333,1,3,0,5145,155.8303886925795,0.0302877334679454,260
334,0,2,3,19482,590.0656234225139,0.0,307
335,0,3,3,1607,48.67238768298839,0.0,23
336,3,1,6,13173,326.46840148698885,0.0743494423791821,261
337,3,3,9,12061,298.909541511772,0.0743494423791821,32
338,0,3,10,29806,738.6864931846344,0.0,325
339,7,3,4,30199,748.4262701363073,0.1734820322180917,321
340,0,2,13,5259,130.3345724907063,0.0,22
341,6,3,5,22786,564.7087980173482,0.1486988847583643,294
342,1,2,9,7971,197.54646840148695,0.0247831474597273,43
343,1,2,6,12465,308.92193308550185,0.0247831474597273,306
344,4,2,6,21964,544.3370508054522,0.0991325898389095,388
345,0,4,8,4833,119.77695167286244,0.0,20
346,5,2,1,17735,483.2425068119891,0.1362397820163487,283
347,0,1,4,2683,73.10626702997274,0.0,22
348,1,0,2,9778,266.43051771117166,0.0272479564032697,308
349,1,1,3,10740,292.64305177111714,0.0272479564032697,338
350,0,2,4,3182,86.70299727520435,0.0,16
351,1,3,1,12227,333.1607629427793,0.0272479564032697,306
352,2,3,3,2688,73.24250681198909,0.0544959128065395,37
353,1,0,2,10380,282.83378746594,0.0272479564032697,347
354,2,0,3,10523,286.7302452316076,0.0544959128065395,318
355,0,1,3,2997,81.66212534059945,0.0,82
356,4,5,10,33076,726.4128843338214,0.0878477306002928,272
357,4,8,9,17224,378.27232796486095,0.0878477306002928,41
358,3,2,13,35694,783.909224011713,0.0658857979502196,386
359,1,4,15,11582,254.36310395314788,0.0219619326500732,15
360,6,5,7,18550,407.393850658858,0.1317715959004392,258
361,4,5,12,13308,292.2693997071742,0.0878477306002928,78
362,5,0,10,28351,622.6427525622255,0.109809663250366,441
363,1,4,12,4893,107.4597364568082,0.0219619326500732,23
364,5,1,10,20938,663.2946145723337,0.1583949313621964,231
365,5,1,8,12576,398.3949313621964,0.1583949313621964,25
366,6,4,10,27411,868.3526927138331,0.1900739176346357,246
367,7,1,4,13528,428.5533262935586,0.2217529039070749,285
368,2,3,10,6172,195.52270327349524,0.0633579725448785,47
369,6,4,2,15206,481.7106652587117,0.1900739176346357,215
370,0,5,8,4971,157.47624076029567,0.0,15
371,1,5,5,9826,311.2777191129884,0.0316789862724392,274
372,2,4,4,10739,340.20063357972543,0.0633579725448785,258
373,1,7,6,4651,147.3389651531151,0.0316789862724392,9
374,2,4,6,12894,422.75409836065575,0.0655737704918032,197
375,3,1,6,6362,208.59016393442624,0.0983606557377049,31
376,5,1,0,16405,537.8688524590164,0.1639344262295081,260
377,7,1,4,12150,398.3606557377049,0.2295081967213114,299
378,1,4,11,9456,310.0327868852459,0.0327868852459016,19
379,4,5,4,11869,389.1475409836066,0.1311475409836065,128
380,1,4,3,5396,176.91803278688525,0.0327868852459016,28
381,2,2,5,17296,567.0819672131148,0.0655737704918032,302
382,4,4,1,7308,239.6065573770492,0.1311475409836065,243
383,0,3,7,5140,168.52459016393442,0.0,18
384,0,1,7,14345,340.19762845849806,0.0,295
385,4,2,8,24508,581.2173913043479,0.0948616600790513,267
386,3,0,10,8756,207.6521739130435,0.0711462450592885,38
387,1,4,5,14522,344.39525691699606,0.0237154150197628,301
388,3,7,7,12702,301.2332015810277,0.0711462450592885,47
389,1,7,4,14536,344.72727272727275,0.0237154150197628,288
390,5,3,1,21269,504.403162055336,0.1185770750988142,392
391,2,4,8,5441,129.03557312252966,0.0474308300395256,26
392,2,2,6,11117,293.7120211360634,0.0528401585204755,280
393,4,1,5,12151,321.03038309114925,0.1056803170409511,31
394,9,2,4,23397,618.1505944517834,0.23778071334214,335
395,5,1,6,14332,378.65257595772783,0.1321003963011889,312
396,0,3,9,4078,107.74108322324966,0.0,45
397,1,2,2,8266,218.3883751651255,0.0264200792602377,225
398,2,2,2,17189,454.1347424042272,0.0528401585204755,77
399,2,6,3,16198,427.9524438573316,0.0528401585204755,321
400,3,4,3,13939,368.2694848084544,0.0792602377807133,315
401,1,6,6,6123,161.77014531043594,0.0264200792602377,22
402,2,4,3,14814,414.7643490433971,0.0559962669155389,301
403,2,5,5,6184,173.14045730284647,0.0559962669155389,18
404,1,3,4,17189,481.2599160055996,0.0279981334577694,301
405,3,5,5,7496,209.87400839944,0.0839944003733084,293
406,1,4,8,26354,737.8628091460569,0.0279981334577694,95
407,3,1,8,15071,421.9598693420438,0.0839944003733084,291
408,4,2,13,10697,299.4960335977601,0.1119925338310779,27
409,9,0,8,24457,684.7503499766682,0.2519832011199253,282
410,5,2,13,19590,548.4834344377041,0.1399906672888474,312
411,0,4,14,6680,187.02753149790013,0.0,70
412,4,1,5,10558,336.42060541688795,0.1274561869357408,245
413,2,1,7,5580,177.80138077535847,0.0637280934678704,22
414,1,1,7,5927,188.858204992034,0.0318640467339352,239
415,3,0,5,15721,500.93467870419545,0.0955921402018056,311
416,2,2,7,4302,137.07912904938928,0.0637280934678704,6
417,1,3,2,10105,321.98619224641527,0.0318640467339352,237
418,1,3,3,5756,183.40945300053107,0.0318640467339352,23
419,2,2,2,14301,455.68773234200745,0.0637280934678704,233
420,1,3,1,7886,251.27987254381307,0.0318640467339352,249
421,0,1,2,5907,188.2209240573553,0.0,17
422,2,1,2,14172,477.7078651685393,0.0674157303370786,257
423,1,0,6,4515,152.19101123595505,0.0337078651685393,25
424,4,1,6,21396,721.2134831460673,0.1348314606741573,231
425,3,2,3,14994,505.4157303370786,0.1011235955056179,276
426,0,0,8,2518,84.87640449438202,0.0,50
427,0,2,1,7174,241.8202247191011,0.0,215
428,1,2,1,3438,115.8876404494382,0.0337078651685393,14
429,2,1,0,8242,277.82022471910113,0.0674157303370786,234
430,1,1,2,7607,256.4157303370786,0.0337078651685393,280
431,0,4,1,3005,101.29213483146069,0.0,42
432,2,3,3,18457,593.7908847184987,0.064343163538874,274
433,1,2,5,6362,204.6756032171582,0.032171581769437,27
434,4,4,3,5854,188.3324396782842,0.128686327077748,206
435,2,2,6,6157,198.0804289544236,0.064343163538874,247
436,0,4,6,2531,81.42627345844504,0.0,64
437,2,2,5,18383,591.4101876675603,0.064343163538874,219
438,1,2,12,4903,157.7372654155496,0.032171581769437,44
439,5,2,7,17021,547.5924932975871,0.1608579088471849,232
440,7,1,5,15626,502.7131367292225,0.225201072386059,281
441,0,2,11,6438,207.1206434316354,0.0,57
442,5,2,5,19061,520.0818553888131,0.1364256480218281,234
443,0,4,15,6889,187.9672578444748,0.0,37
444,5,1,7,20114,548.8130968622102,0.1364256480218281,317
445,7,1,7,28622,780.9549795361528,0.1909959072305593,318
446,1,4,10,5263,143.60163710777627,0.0272851296043656,60
447,3,3,2,12451,339.72714870395635,0.0818553888130968,257
448,2,4,7,15998,436.5075034106412,0.0545702592087312,49
449,1,3,8,12546,342.31923601637106,0.0272851296043656,270
450,5,4,1,14735,402.0463847203274,0.1364256480218281,356
451,0,4,7,4870,132.8785811732606,0.0,69
452,1,2,0,6959,228.41356673960613,0.0328227571115973,294
453,1,1,2,6629,217.582056892779,0.0328227571115973,28
454,0,3,1,6958,228.38074398249452,0.0,265
455,0,2,1,4008,131.55361050328227,0.0,274
456,1,1,0,1593,52.28665207877462,0.0328227571115973,44
457,1,0,3,13992,459.2560175054705,0.0328227571115973,284
458,1,0,5,5120,168.05251641137858,0.0328227571115973,25
459,4,1,0,10251,336.4660831509847,0.1312910284463895,250
460,3,1,0,6297,206.68490153172868,0.0984682713347921,310
461,0,1,3,3721,122.13347921225385,0.0,64
462,4,5,5,22756,532.5117004680187,0.093603744149766,331
463,5,5,10,14175,331.70826833073323,0.1170046801872074,57
464,5,5,8,17935,419.69578783151326,0.1170046801872074,337
465,3,2,9,21414,501.1076443057722,0.0702028081123244,369
466,1,6,13,5858,137.0826833073323,0.0234009360374415,18
467,6,4,7,27599,645.8424336973479,0.1404056162246489,320
468,2,1,11,9647,225.7488299531981,0.046801872074883,44
469,3,2,10,18692,437.4102964118565,0.0702028081123244,268
470,1,6,12,6694,156.64586583463338,0.0234009360374415,22
471,7,6,11,13406,343.1569965870307,0.1791808873720136,261
472,6,1,7,11952,305.938566552901,0.1535836177474402,48
473,4,0,10,23475,600.8959044368601,0.1023890784982935,290
474,3,3,8,5679,145.3668941979522,0.0767918088737201,309
475,2,6,7,22203,568.3361774744027,0.0511945392491467,316
476,4,2,5,21174,541.9965870307167,0.1023890784982935,40
477,3,3,5,32666,836.1604095563139,0.0767918088737201,263
478,3,5,3,14510,371.4163822525597,0.0767918088737201,278
479,0,7,10,12754,326.4675767918088,0.0,27
480,0,4,5,14685,434.6817957572768,0.0,236
481,4,4,3,9382,277.7109028120375,0.1184015786877158,22
482,1,1,3,8630,255.45140601874687,0.0296003946719289,247
483,4,4,3,12944,383.14750863344847,0.1184015786877158,312
484,2,4,5,5041,149.21558954119388,0.0592007893438579,21
485,4,2,7,18205,538.8751850024668,0.1184015786877158,268
486,2,3,3,8996,266.2851504686729,0.0592007893438579,35
487,6,1,7,21031,622.525900345338,0.1776023680315737,274
488,3,2,5,12512,370.36013813517513,0.0888011840157868,295
489,2,3,8,4963,146.90675875678343,0.0592007893438579,18
490,3,1,3,11164,404.4927536231884,0.108695652173913,202
491,0,3,4,2781,100.7608695652174,0.0,27
492,2,1,1,8195,296.92028985507244,0.072463768115942,169
493,1,2,0,4972,180.14492753623188,0.036231884057971,241
494,0,2,4,3316,120.14492753623188,0.0,9
495,2,1,6,6512,235.9420289855072,0.072463768115942,220
496,2,2,3,4036,146.231884057971,0.072463768115942,13
497,3,1,5,9388,340.1449275362319,0.108695652173913,233
498,1,1,4,6981,252.93478260869563,0.036231884057971,241
499,1,1,6,2479,89.81884057971014,0.036231884057971,56
500,3,5,1,5138,172.41610738255034,0.1006711409395973,235
501,3,2,1,8852,297.0469798657718,0.1006711409395973,20
502,1,3,2,8302,278.59060402684565,0.0335570469798657,269
503,0,2,4,9020,302.68456375838923,0.0,293
504,0,4,2,1949,65.40268456375838,0.0,63
505,3,3,3,10406,349.19463087248323,0.1006711409395973,185
506,2,1,7,8938,299.93288590604027,0.0671140939597315,51
507,3,1,9,19481,653.7248322147651,0.1006711409395973,242
508,8,1,2,14365,482.0469798657718,0.2684563758389262,293
509,0,1,7,2271,76.20805369127517,0.0,55
510,6,1,3,27640,587.6683203401843,0.1275690999291283,381
511,4,5,9,22769,484.10347271438695,0.0850460666194188,73
512,3,6,7,15508,329.7236002834869,0.0637845499645641,314
513,2,4,10,12241,260.26222537207656,0.0425230333097094,109
514,5,4,4,27816,591.4103472714387,0.1063075832742735,348
515,1,6,12,19002,404.0113394755493,0.0212615166548547,65
516,5,2,2,18031,383.3664068036853,0.1063075832742735,403
517,5,4,8,17272,367.2289156626506,0.1063075832742735,330
518,4,3,4,18364,480.3138622493461,0.1046207497820401,283
519,3,4,5,13948,364.8125544899738,0.07846556233653,53
520,3,2,6,18421,481.8047079337402,0.07846556233653,293
521,1,6,6,24439,639.2066259808195,0.02615518744551,316
522,2,7,4,5499,143.82737576285962,0.05231037489102,71
523,5,3,7,26995,706.0592850915432,0.1307759372275501,281
524,3,3,10,17018,445.1089799476896,0.07846556233653,54
525,4,1,9,12564,328.613775065388,0.1046207497820401,239
526,7,2,10,16682,436.32083696599824,0.1830863121185701,324
527,3,4,15,7190,188.05579773321708,0.07846556233653,83
528,6,3,9,35091,834.8374306106265,0.1427438540840603,233
529,4,4,11,18124,431.1816019032514,0.0951625693893735,58
530,7,4,8,22437,533.7906423473434,0.1665344964314036,252
531,4,3,12,21629,514.5678033306899,0.0951625693893735,342
532,1,5,15,6650,158.2077716098335,0.0237906423473433,73
533,7,2,2,22398,532.862807295797,0.1665344964314036,294
534,4,6,11,13537,322.0539254559873,0.0951625693893735,41
535,1,6,10,14237,338.7073750991277,0.0237906423473433,285
536,6,4,7,30860,734.1792228390167,0.1427438540840603,366
537,1,4,14,4717,112.22045995241872,0.0237906423473433,30
538,3,3,6,8230,235.92928810320117,0.0860009555661729,224
539,4,3,6,7983,228.84854276158623,0.1146679407548972,34
540,5,0,9,18902,541.8633540372671,0.1433349259436216,302
541,6,1,5,13062,374.448160535117,0.1720019111323459,298
542,0,4,6,2458,70.46344959388438,0.0,55
543,1,4,5,19497,558.9202102245581,0.0286669851887243,277
544,3,3,8,9697,277.98375537505973,0.0860009555661729,28
545,2,6,7,10207,292.60391782130915,0.0573339703774486,267
546,3,3,5,12875,369.0874343048256,0.0860009555661729,270
547,2,2,6,5471,156.83707596751074,0.0573339703774486,21
548,4,5,6,31508,805.8312020460357,0.1023017902813299,311
549,2,4,7,11832,302.6086956521739,0.0511508951406649,33
550,3,5,4,23560,602.5575447570333,0.0767263427109974,290
551,3,3,5,15066,385.31969309462914,0.0767263427109974,335
552,0,5,6,4597,117.5703324808184,0.0,24
553,6,2,6,23701,606.1636828644502,0.1534526854219949,381
554,2,2,9,10911,279.05370843989766,0.0511508951406649,38
555,5,1,10,13174,336.9309462915601,0.1278772378516624,292
556,7,2,8,20734,530.2813299232737,0.1790281329923273,327
557,2,5,10,5881,150.40920716112532,0.0511508951406649,81
558,7,2,4,30020,793.1307793923381,0.1849405548216644,327
559,1,3,12,7740,204.4914134742404,0.0264200792602377,32
560,5,2,5,13018,343.9365918097754,0.1321003963011889,338
561,0,2,11,7584,200.36988110964333,0.0,88
562,3,4,3,8747,231.09643328929985,0.0792602377807133,271
563,0,4,6,5096,134.63672391017172,0.0,31
564,2,4,5,9914,261.92866578599734,0.0528401585204755,337
565,2,2,5,13464,355.71994715984147,0.0528401585204755,343
566,2,2,4,2464,65.0990752972259,0.0528401585204755,86
567,5,4,9,16026,651.0223425863236,0.2031144211238998,186
568,2,5,8,7235,293.906567366283,0.0812457684495599,18
569,6,0,10,17904,727.3121191604604,0.2437373053486797,146
570,5,4,2,10251,416.42518618821936,0.2031144211238998,178
571,4,6,4,8026,326.039268788084,0.1624915368991198,14
572,1,5,1,5190,210.832769126608,0.0406228842247799,130
573,0,7,4,5257,213.55450236966823,0.0,142
574,3,4,5,5324,216.2762356127285,0.1218686526743398,42
575,3,1,7,16662,458.37689133425033,0.0825309491059147,293
576,3,3,8,6242,171.71939477303988,0.0825309491059147,20
577,4,1,8,20706,569.6286107290233,0.1100412654745529,323
578,5,0,8,17564,483.1911966987621,0.1375515818431912,369
579,0,2,13,5603,154.14030261348006,0.0,14
580,1,4,3,6001,165.08940852819808,0.0275103163686382,276
581,3,1,2,6336,174.3053645116919,0.0825309491059147,32
582,3,2,2,24989,687.4552957359009,0.0825309491059147,328
583,0,2,5,12624,347.2902338376892,0.0,315
584,0,6,2,4208,115.7634112792297,0.0,30
585,0,6,0,9015,344.5222929936306,0.0,185
586,1,2,1,1891,72.26751592356688,0.0382165605095541,31
587,0,3,1,6142,234.7261146496815,0.0,185
588,0,3,2,3857,147.40127388535032,0.0,232
589,1,2,1,3818,145.9108280254777,0.0382165605095541,16
590,7,0,1,11676,446.2165605095541,0.267515923566879,189
591,1,0,6,5346,204.30573248407643,0.0382165605095541,23
592,7,0,1,14356,548.6369426751592,0.267515923566879,264
593,1,0,7,5655,216.11464968152865,0.0382165605095541,256
594,0,2,5,4188,160.05095541401272,0.0,12
595,0,2,2,7902,176.84446102200673,0.0,299
596,1,1,3,15132,338.64975755315186,0.0223797090637821,80
597,0,5,3,18237,408.13875419619546,0.0,389
598,4,1,0,17360,388.5117493472585,0.0895188362551286,451
599,0,7,4,3745,83.81201044386424,0.0,91
600,3,1,7,17150,383.81201044386427,0.0671391271913465,335
601,0,2,11,9584,214.48713166728837,0.0,34
602,6,0,6,35350,791.1227154046998,0.134278254382693,324
603,5,0,6,29167,652.7489742633346,0.1118985453189108,389
604,2,2,9,3643,81.52928011935846,0.0447594181275643,73
605,3,7,2,29531,679.3941717791411,0.0690184049079754,405
606,3,6,3,22124,508.9877300613497,0.0690184049079754,64
607,0,1,3,27977,643.6426380368098,0.0,314
608,1,3,5,34493,793.5506134969324,0.0230061349693251,252
609,1,2,4,7508,172.73006134969324,0.0230061349693251,177
610,2,3,13,30930,711.5797546012269,0.0460122699386503,376
611,4,3,10,19188,441.441717791411,0.0920245398773006,84
612,3,2,9,27900,641.8711656441717,0.0690184049079754,287
613,8,0,3,17595,404.79294478527606,0.1840490797546012,366
614,0,3,3,11147,364.08274360370166,0.0,233
615,3,3,4,7370,240.7185628742515,0.0979858464888405,19
616,1,2,3,10494,342.7544910179641,0.0326619488296135,226
617,3,3,3,7830,255.7430593358737,0.0979858464888405,239
618,3,3,6,2589,84.56178551986935,0.0979858464888405,9
619,1,0,3,10799,352.71638541099617,0.0326619488296135,273
620,2,3,7,9558,312.18290691344583,0.065323897659227,20
621,6,2,4,16604,542.3189983669025,0.195971692977681,261
622,5,0,3,7004,228.76428960261296,0.1633097441480675,297
623,0,5,9,3942,128.7534022863364,0.0,18
624,3,0,2,5309,225.4352441613588,0.1273885350318471,159
625,7,1,6,13006,552.2717622080679,0.2972399150743099,34
626,5,1,3,13153,558.5138004246285,0.2123142250530785,210
627,4,0,5,9954,422.6751592356688,0.1698513800424628,216
628,0,0,9,3703,157.23991507430998,0.0,53
629,0,4,1,7642,324.50106157112526,0.0,227
630,2,5,0,5763,244.71337579617835,0.0849256900212314,10
631,0,2,2,9312,395.4140127388535,0.0,206
632,0,2,0,3309,140.5095541401274,0.0,170
633,0,6,0,2273,96.51804670912952,0.0,42
634,0,4,5,7482,261.151832460733,0.0,256
635,0,5,5,6739,235.21815008726009,0.0,19
636,4,3,2,9909,345.86387434554973,0.1396160558464223,229
637,1,2,2,11875,414.4851657940664,0.0349040139616055,217
638,1,6,2,1542,53.82198952879581,0.0349040139616055,63
639,2,2,11,19140,668.062827225131,0.0698080279232111,238
640,5,1,6,10717,374.0663176265271,0.1745200698080279,41
641,3,1,9,11187,390.4712041884817,0.1047120418848167,233
642,6,1,7,18465,644.5026178010471,0.2094240837696335,272
643,4,1,10,5622,196.2303664921466,0.1396160558464223,62
644,2,4,1,5061,177.68285547103568,0.0702165008777062,173
645,1,2,4,4161,146.0854300760679,0.0351082504388531,13
646,1,3,2,8805,309.1281451141018,0.0351082504388531,249
647,0,1,4,14021,492.2527794031597,0.0,249
648,1,3,2,2049,71.93680514921006,0.0351082504388531,26
649,1,1,10,14575,511.7027501462844,0.0351082504388531,220
650,2,0,8,7572,265.8396723229959,0.0702165008777062,33
651,7,2,3,15357,539.1574019894675,0.2457577530719719,226
652,3,0,5,12999,456.37214745465184,0.1053247513165593,272
653,0,2,8,2505,87.94616734932708,0.0,15
654,0,4,4,13258,494.3940335612182,0.0,181
655,4,4,4,8394,313.01429459291484,0.149160969546302,24
656,4,3,1,9511,354.66749533871973,0.149160969546302,232
657,0,2,2,2632,98.14791796146676,0.0,206
658,1,4,6,3353,125.0341827221877,0.0372902423865755,35
659,5,2,4,10541,393.07644499689246,0.1864512119328775,193
660,0,2,5,5596,208.67619639527655,0.0,18
661,7,2,3,18894,704.5618396519577,0.2610316967060286,255
662,5,0,1,7370,274.8290863890616,0.1864512119328775,262
663,0,3,12,4202,156.6935985083903,0.0,33
664,7,1,7,17473,509.9124513618677,0.2042801556420233,254
665,8,2,5,12626,368.4630350194553,0.2334630350194552,38
666,2,1,4,19141,558.5894941634241,0.0583657587548638,300
667,3,3,12,25552,745.6809338521401,0.0875486381322957,318
668,0,2,14,4123,120.32101167315176,0.0,20
669,0,2,6,19874,579.9805447470817,0.0,291
670,1,5,4,7766,226.6342412451362,0.0291828793774319,36
671,0,5,6,10548,307.82101167315176,0.0,271
672,8,5,1,25146,733.8326848249028,0.2334630350194552,297
673,0,3,9,3832,111.82879377431908,0.0,67
674,1,5,8,14526,438.1900452488688,0.0301659125188536,241
675,5,3,9,11608,350.1659125188537,0.1508295625942685,53
676,8,2,3,18044,544.3137254901961,0.2413273001508295,347
677,5,2,8,10819,326.3650075414781,0.1508295625942685,265
678,1,1,14,3495,105.42986425339367,0.0301659125188536,17
679,3,4,3,12681,382.5339366515837,0.090497737556561,293
680,3,4,5,7804,235.41478129713423,0.090497737556561,36
681,3,5,2,8755,264.1025641025641,0.090497737556561,271
682,4,3,2,9918,299.18552036199094,0.1206636500754147,295
683,0,4,4,2784,83.98190045248869,0.0,65
684,3,1,10,13152,551.4465408805031,0.1257861635220125,206
685,7,1,5,8555,358.70020964360583,0.2935010482180293,32
686,2,0,6,8665,363.3123689727463,0.0838574423480083,207
687,7,1,10,12226,512.6205450733752,0.2935010482180293,213
688,1,0,17,3077,129.0146750524109,0.0419287211740041,62
689,0,3,1,9774,409.811320754717,0.0,194
690,0,4,3,5895,247.1698113207547,0.0,25
691,0,4,3,7498,314.3815513626834,0.0,173
692,2,4,1,5222,218.95178197064988,0.0838574423480083,171
693,1,5,1,2456,102.97693920335428,0.0419287211740041,30
694,1,3,2,14111,362.4400684931507,0.0256849315068493,273
695,2,3,11,15018,385.73630136986304,0.0513698630136986,41
696,9,2,5,22870,587.4143835616438,0.2311643835616438,343
697,2,3,7,7615,195.59075342465755,0.0513698630136986,333
698,2,2,10,3052,78.39041095890411,0.0513698630136986,27
699,2,1,7,25022,642.6883561643837,0.0513698630136986,359
700,2,4,7,10904,280.06849315068496,0.0513698630136986,42
701,3,7,6,23052,592.0890410958905,0.0770547945205479,335
702,6,2,3,14101,362.1832191780822,0.1541095890410959,323
703,0,2,10,3002,77.10616438356165,0.0,19
704,0,2,9,9695,326.43097643097644,0.0,229
705,8,0,4,9961,335.38720538720537,0.2693602693602693,32
706,1,1,5,8355,281.3131313131313,0.0336700336700336,288
707,5,1,4,15646,526.8013468013468,0.1683501683501683,283
708,0,1,12,5334,179.5959595959596,0.0,10
709,0,2,3,9815,330.4713804713805,0.0,200
710,3,3,0,4609,155.1851851851852,0.101010101010101,18
711,2,3,1,12368,416.4309764309765,0.0673400673400673,275
712,0,4,1,9976,335.8922558922559,0.0,263
713,0,2,2,10988,369.96632996633,0.0,6
714,7,0,2,12077,504.9616724738676,0.2926829268292683,209
715,2,1,9,4054,169.50522648083623,0.0836236933797909,12
716,4,0,7,9210,385.08710801393727,0.1672473867595818,184
717,7,0,10,16576,693.0731707317073,0.2926829268292683,247
718,1,0,15,1899,79.4006968641115,0.0418118466898954,14
719,0,5,1,5569,232.85017421602785,0.0,156
720,0,4,1,4695,196.3066202090592,0.0,20
721,0,5,1,4406,184.22299651567943,0.0,163
722,1,3,0,4060,169.7560975609756,0.0418118466898954,241
723,0,4,1,2562,107.12195121951218,0.0,49
724,2,1,1,14007,464.8340707964602,0.0663716814159292,244
725,0,2,1,3209,106.4933628318584,0.0,16
726,1,3,0,9050,300.33185840707966,0.0331858407079646,219
727,0,2,0,8775,291.20575221238937,0.0,247
728,0,2,0,3660,121.46017699115043,0.0,12
729,3,2,3,21223,704.3030973451328,0.0995575221238938,240
730,1,1,3,6339,210.3650442477876,0.0331858407079646,34
731,4,0,2,9563,317.3561946902655,0.1327433628318584,299
732,0,0,6,4428,146.94690265486727,0.0,247
733,2,0,6,19910,660.7300884955753,0.0663716814159292,77
734,2,8,6,6822,213.5211267605634,0.0625978090766823,191
735,5,4,4,11314,354.11580594679185,0.1564945226917058,26
736,4,6,7,15978,500.09389671361504,0.1251956181533646,196
737,4,3,5,15505,485.2895148669797,0.1251956181533646,284
738,0,5,10,4092,128.07511737089203,0.0,18
739,6,5,6,16734,523.755868544601,0.1877934272300469,226
740,4,3,8,9472,296.46322378716746,0.1251956181533646,22
741,9,0,8,25488,797.7464788732394,0.2816901408450704,266
742,6,2,6,16023,501.5023474178404,0.1877934272300469,236
743,1,5,5,3563,111.51799687010954,0.0312989045383411,10
744,0,2,4,5552,198.75894988066827,0.0,179
745,2,3,3,4087,146.3126491646778,0.071599045346062,22
746,2,3,1,4464,159.8090692124105,0.071599045346062,227
747,3,1,3,13898,497.5417661097852,0.107398568019093,256
748,2,2,6,2165,77.50596658711217,0.071599045346062,5
749,1,0,1,4413,157.98329355608593,0.035799522673031,204
750,3,2,7,10271,367.6968973747017,0.107398568019093,30
751,2,2,7,9276,332.07637231503577,0.071599045346062,251
752,5,0,2,10473,374.9284009546539,0.1789976133651551,223
753,0,5,8,3087,110.51312649164676,0.0,47
754,0,2,0,4893,179.12141549725442,0.0,219
755,1,5,1,3362,123.07504575960952,0.036607687614399,17
756,1,3,0,8094,296.3026235509457,0.036607687614399,212
757,0,5,2,3415,125.01525320317266,0.0,233
758,0,4,1,3421,125.23489932885906,0.0,31
759,7,0,4,12237,447.9682733374008,0.2562538133007931,193
760,4,1,8,11890,435.2654057352044,0.1464307504575961,22
761,4,1,3,10397,380.61012812690666,0.1464307504575961,232
762,3,0,4,9855,360.7687614399024,0.109823062843197,221
763,1,0,13,5487,200.86638194020745,0.036607687614399,61
764,0,4,0,13736,482.2469280280866,0.0,213
765,0,6,2,6589,231.3282621416033,0.0,16
766,1,4,2,11659,409.3270918665887,0.0351082504388531,225
767,2,2,0,12889,452.510239906378,0.0702165008777062,208
768,1,7,0,3131,109.92393212404914,0.0351082504388531,45
769,1,0,12,9399,329.9824458747806,0.0351082504388531,167
770,3,0,12,14580,511.8782913984786,0.1053247513165593,242
771,1,2,1,10276,289.4647887323944,0.028169014084507,300
772,2,2,7,8999,253.49295774647888,0.056338028169014,29
773,2,2,5,5493,154.73239436619718,0.056338028169014,269
774,5,2,2,19503,549.3802816901408,0.1408450704225352,328
775,0,5,7,7404,208.56338028169012,0.0,53
776,4,3,7,20709,583.3521126760563,0.1126760563380281,266
777,1,1,10,9323,262.61971830985914,0.028169014084507,39
778,1,1,5,15208,428.3943661971831,0.028169014084507,336
779,6,0,5,19227,541.6056338028169,0.1690140845070422,335
780,1,5,4,3539,99.69014084507042,0.028169014084507,64
781,4,4,7,12926,265.69373072970194,0.0822199383350462,77
782,4,6,9,21144,434.6145940390545,0.0822199383350462,364
783,6,4,14,11994,246.5364850976362,0.1233299075025693,71
784,8,5,10,33307,684.6248715313463,0.1644398766700925,271
785,5,4,11,17487,359.44501541623845,0.1027749229188078,51
786,4,3,11,22606,464.6659815005139,0.0822199383350462,373
787,8,3,13,30346,623.7615621788284,0.1644398766700925,425
788,0,4,5,15605,579.0352504638219,0.0,191
789,1,5,4,5888,218.4786641929499,0.0371057513914656,10
790,3,3,1,10506,389.8330241187384,0.111317254174397,221
791,3,3,1,7088,263.00556586270875,0.111317254174397,245
792,0,6,5,3559,132.05936920222635,0.0,41
793,7,2,11,20648,766.1595547309834,0.2597402597402597,192
794,3,0,15,8034,298.10760667903526,0.111317254174397,20
795,5,1,12,13666,507.08719851577,0.1855287569573284,180
796,3,0,11,12105,449.16512059369205,0.111317254174397,238
797,3,4,12,3609,133.91465677179963,0.111317254174397,47
798,3,3,2,13536,456.2696629213483,0.1011235955056179,255
799,1,2,4,6950,234.2696629213483,0.0337078651685393,43
800,2,1,1,12370,416.96629213483146,0.0674157303370786,271
801,3,5,0,11065,372.9775280898877,0.1011235955056179,231
802,0,4,4,4483,151.1123595505618,0.0,14
803,1,4,6,8027,270.57303370786514,0.0337078651685393,241
804,1,3,8,2397,80.79775280898876,0.0337078651685393,15
805,5,1,2,13206,445.14606741573033,0.1685393258426966,241
806,4,1,10,20483,690.4382022471909,0.1348314606741573,303
807,4,0,10,6359,214.34831460674155,0.1348314606741573,26
808,4,0,4,9759,294.833836858006,0.120845921450151,305
809,6,0,5,10578,319.57703927492446,0.1812688821752265,35
810,3,2,10,10871,328.42900302114805,0.0906344410876132,303
811,5,0,9,14620,441.6918429003021,0.1510574018126888,341
812,0,3,11,2323,70.18126888217522,0.0,15
813,3,3,1,17774,536.9788519637463,0.0906344410876132,280
814,0,2,4,1857,56.102719033232624,0.0,38
815,1,4,2,9393,283.7764350453172,0.0302114803625377,281
816,0,4,4,10311,311.5105740181269,0.0,255
817,1,5,3,3846,116.19335347432023,0.0302114803625377,75
818,1,0,1,5882,181.44987146529564,0.0308483290488431,237
819,2,0,6,4969,153.28534704370182,0.0616966580976863,17
820,2,0,4,8488,261.840616966581,0.0616966580976863,246
821,5,0,4,8623,266.0051413881748,0.1542416452442159,336
822,1,3,5,3315,102.26221079691516,0.0308483290488431,64
823,0,1,0,6408,197.6760925449872,0.0,240
824,1,3,0,3355,103.4961439588689,0.0308483290488431,27
825,0,3,1,2208,68.11311053984576,0.0,265
826,2,1,1,18769,578.9922879177378,0.0616966580976863,287
827,0,3,3,3451,106.45758354755785,0.0,20
828,1,4,2,14144,433.8650306748466,0.0306748466257668,244
829,2,3,1,7113,218.19018404907973,0.0613496932515337,28
830,1,2,2,13878,425.7055214723926,0.0306748466257668,236
831,1,1,2,10699,328.19018404907973,0.0306748466257668,322
832,0,0,2,2556,78.40490797546012,0.0,48
833,1,1,5,27737,850.8282208588956,0.0306748466257668,286
834,4,2,3,7438,228.159509202454,0.1226993865030674,20
835,3,1,5,19158,587.6687116564417,0.0920245398773006,238
836,1,1,3,6460,198.159509202454,0.0306748466257668,299
837,1,0,3,6762,207.4233128834356,0.0306748466257668,26
838,0,4,3,4188,129.65944272445822,0.0,207
839,1,3,1,3598,111.39318885448915,0.0309597523219814,33
840,1,2,0,3515,108.82352941176472,0.0309597523219814,338
841,2,2,2,5155,159.59752321981426,0.0619195046439628,292
842,0,2,2,1215,37.61609907120744,0.0,55
843,1,1,5,14160,438.390092879257,0.0309597523219814,282
844,2,2,4,5512,170.65015479876163,0.0619195046439628,31
845,5,0,6,14128,437.3993808049536,0.1547987616099071,309
846,4,1,7,9732,301.30030959752327,0.1238390092879257,278
847,0,0,10,6791,210.24767801857587,0.0,20
848,3,0,5,25050,809.3699515347334,0.0969305331179321,285
849,1,2,10,8702,281.1631663974152,0.0323101777059773,25
850,5,0,3,17083,551.9547657512117,0.1615508885298869,240
851,2,2,8,13842,447.2374798061389,0.0646203554119547,292
852,1,2,10,2851,92.11631663974153,0.0323101777059773,19
853,2,1,0,11006,355.60581583198706,0.0646203554119547,228
854,2,2,3,3074,99.32148626817448,0.0646203554119547,36
855,2,4,3,10384,335.5088852988692,0.0646203554119547,236
856,0,3,5,15023,485.3957996768982,0.0,280
857,0,2,6,7598,245.49273021001616,0.0,6
858,2,6,10,16763,522.4831168831168,0.0623376623376623,210
859,6,4,5,7116,221.7974025974026,0.187012987012987,20
860,6,0,6,11286,351.77142857142854,0.187012987012987,260
861,8,1,5,10931,340.7064935064935,0.2493506493506493,291
862,0,2,10,2652,82.65974025974026,0.0,73
863,5,5,5,21157,659.438961038961,0.1558441558441558,248
864,4,6,3,8067,251.43896103896105,0.1246753246753246,16
865,2,3,6,13750,428.57142857142856,0.0623376623376623,241
866,0,4,7,9409,293.2675324675324,0.0,299
867,2,4,5,4348,135.5220779220779,0.0623376623376623,70
868,2,0,3,12809,434.20338983050846,0.0677966101694915,294
869,4,1,9,21849,740.6440677966102,0.135593220338983,20
870,3,0,6,7142,242.10169491525423,0.1016949152542373,287
871,4,0,5,14334,485.89830508474574,0.135593220338983,271
872,0,1,8,6375,216.10169491525423,0.0,46
873,0,4,1,9258,313.8305084745763,0.0,223
874,0,3,2,4026,136.47457627118644,0.0,12
875,1,1,1,11895,403.2203389830509,0.0338983050847457,259
876,1,2,1,10744,364.20338983050846,0.0338983050847457,278
877,0,3,1,2912,98.71186440677968,0.0,58
878,5,0,10,21280,882.3773324118866,0.2073255010366275,230
879,2,0,8,8477,351.49965445749825,0.082930200414651,21
880,4,3,7,10793,447.5328265376641,0.165860400829302,164
881,7,0,1,14486,600.6634416033172,0.2902557014512785,222
882,0,1,7,2794,115.85348997926744,0.0,35
883,0,5,0,6726,278.8942639944713,0.0,144
884,1,2,1,7196,298.3828610919143,0.0414651002073255,12
885,2,5,1,12016,498.2446440912232,0.082930200414651,179
886,0,3,1,5883,243.9391845196959,0.0,221
887,1,3,0,3800,157.5673807878369,0.0414651002073255,43
888,3,2,12,16791,382.6281807823775,0.0683630839346752,322
889,0,5,14,11626,264.9297379415116,0.0,37
890,6,3,9,22747,518.3516900873528,0.1367261678693505,247
891,2,6,9,11627,264.95252563615645,0.0455753892897835,275
892,8,4,6,22663,516.4375237371819,0.182301557159134,45
893,2,5,8,12181,277.5769084694265,0.0455753892897835,248
894,5,4,10,9558,217.80478541587544,0.1139384732244588,341
895,1,3,14,35693,813.3611849601216,0.0227876946448917,118
896,1,5,8,12957,373.7596153846154,0.0288461538461538,200
897,2,5,12,6158,177.6346153846154,0.0576923076923076,14
898,3,2,8,11993,345.9519230769231,0.0865384615384615,238
899,9,4,5,21053,607.298076923077,0.2596153846153846,300
900,0,2,13,5102,147.17307692307693,0.0,10
901,3,4,11,15360,443.0769230769231,0.0865384615384615,246
902,2,2,12,7510,216.6346153846154,0.0576923076923076,23
903,5,2,10,18091,521.8557692307693,0.1442307692307692,235
904,8,3,5,19959,575.7403846153846,0.2307692307692307,320
905,0,4,7,3304,95.30769230769232,0.0,53
906,1,4,4,22901,626.5663474692203,0.027359781121751,298
907,2,3,2,5953,162.87277701778387,0.054719562243502,20
908,1,4,4,8621,235.86867305061563,0.027359781121751,235
909,2,4,0,8415,230.2325581395349,0.054719562243502,370
910,0,4,1,5270,144.18604651162792,0.0,24
911,1,5,13,11204,306.53898768809853,0.027359781121751,220
912,6,0,9,14805,405.061559507524,0.1641586867305061,20
913,3,0,6,10166,278.13953488372096,0.082079343365253,312
914,8,0,6,25104,686.8399452804379,0.2188782489740082,330
915,1,1,16,5792,158.46785225718196,0.027359781121751,24
916,0,6,1,7302,284.12451361867704,0.0,172
917,3,3,1,13203,513.7354085603113,0.1167315175097276,19
918,0,3,1,9242,359.6108949416342,0.0,212
919,0,2,4,10117,393.65758754863816,0.0,225
920,1,2,3,3651,142.06225680933852,0.0389105058365758,16
921,1,1,7,3950,153.69649805447472,0.0389105058365758,9
922,2,1,8,15225,592.4124513618677,0.0778210116731517,200
923,5,0,5,15115,588.1322957198444,0.1945525291828793,249
924,0,2,6,2459,95.68093385214009,0.0,42
925,2,4,5,10004,382.8061224489796,0.0765306122448979,152
926,4,0,8,9215,352.6147959183673,0.1530612244897959,34
927,5,0,11,14539,556.3392857142858,0.1913265306122449,194
928,5,3,10,14044,537.3979591836735,0.1913265306122449,212
929,2,3,14,5190,198.5969387755102,0.0765306122448979,16
930,5,4,0,10509,402.1301020408163,0.1913265306122449,196
931,1,3,1,5000,191.3265306122449,0.0382653061224489,27
932,1,2,4,9976,381.734693877551,0.0382653061224489,232
933,1,6,4,5204,199.1326530612245,0.0382653061224489,193
934,2,3,7,14261,545.7015306122449,0.0765306122448979,55
935,0,2,2,13507,551.6814159292035,0.0,204
936,0,2,3,4401,179.75493533015657,0.0,12
937,0,4,3,8714,355.9155888359428,0.0,204
938,3,2,0,6825,278.76106194690266,0.1225323349217154,177
939,0,8,3,3206,130.94622191967323,0.0,37
940,5,0,7,11216,458.1075561606535,0.2042205582028591,165
941,1,2,12,8765,357.998638529612,0.0408441116405718,20
942,1,1,9,8675,354.3226684819605,0.0408441116405718,190
943,0,0,12,3217,131.39550714771954,0.0,56
944,1,5,1,9388,348.34879406307977,0.0371057513914656,187
945,5,3,3,8917,330.87198515769944,0.1855287569573284,41
946,5,3,6,24141,895.7699443413729,0.1855287569573284,218
947,0,5,5,10587,392.8385899814471,0.0,181
948,0,4,7,3700,137.291280148423,0.0,58
949,0,3,12,16655,617.9962894248608,0.0,149
950,4,0,10,6379,236.6975881261596,0.1484230055658627,33
951,6,2,7,18386,682.226345083488,0.222634508348794,198
952,8,2,9,20978,778.404452690167,0.2968460111317254,263
953,2,4,11,4793,177.847866419295,0.0742115027829313,43
954,1,4,9,13790,384.3009753831863,0.027868091035764,186
955,5,1,13,17135,477.519739897817,0.1393404551788202,33
956,9,0,7,22845,636.6465397120297,0.2508128193218764,310
957,5,2,8,13381,372.9029261495588,0.1393404551788202,310
958,1,1,17,4408,122.84254528564792,0.027868091035764,77
959,0,8,3,16463,458.7923827217836,0.0,231
960,2,1,4,5878,163.8086391082211,0.0557361820715281,14
961,0,5,3,14247,397.03669298653045,0.0,310
962,2,2,3,14090,392.6614026939155,0.0557361820715281,348
963,4,5,2,5133,143.04691128657686,0.1114723641430562,72
964,2,3,8,15698,457.00145560407566,0.0582241630276564,265
965,1,2,3,4259,123.98835516739446,0.0291120815138282,41
966,4,0,6,9226,268.58806404657935,0.1164483260553129,251
967,6,1,5,17711,515.6040756914119,0.1746724890829694,319
968,1,3,9,5325,155.02183406113537,0.0291120815138282,24
969,0,4,7,8327,242.4163027656477,0.0,267
970,2,4,5,6022,175.31295487627364,0.0582241630276564,32
971,1,2,5,5806,169.02474526928674,0.0291120815138282,253
972,5,1,3,9494,276.39010189228526,0.1455604075691411,319
973,1,3,6,2679,77.99126637554585,0.0291120815138282,83
974,6,3,4,27576,621.5477084898572,0.135236664162284,357
975,2,5,5,13872,312.6671675432006,0.0450788880540946,69
976,3,5,4,12776,287.96393688955675,0.067618332081142,282
977,1,4,5,15761,355.244177310293,0.0225394440270473,401
978,0,6,6,5130,115.6273478587528,0.0,90
979,3,4,13,23892,538.5123966942149,0.067618332081142,330
980,3,2,16,11954,269.4365138993238,0.067618332081142,55
981,6,1,8,21634,487.618332081142,0.135236664162284,353
982,1,3,16,6247,140.8039068369647,0.0225394440270473,117
983,2,2,3,10394,334.5708154506438,0.0643776824034334,250
984,4,0,7,9071,291.98497854077254,0.1287553648068669,29
985,2,2,6,6878,221.39484978540773,0.0643776824034334,283
986,9,2,6,18547,597.0064377682404,0.2896995708154506,296
987,1,1,9,4824,155.27896995708156,0.0321888412017167,76
988,1,4,3,15434,496.80257510729615,0.0321888412017167,268
989,2,4,2,6375,205.2038626609442,0.0643776824034334,34
990,4,2,1,17602,566.5879828326181,0.1287553648068669,281
991,0,4,4,6645,213.89484978540773,0.0,218
992,0,4,5,6598,212.38197424892704,0.0,21
993,3,2,8,15630,514.7091108671789,0.0987925356750823,259
994,9,0,5,15338,505.0933040614709,0.2963776070252469,29
995,2,2,7,8667,285.41163556531285,0.0658616904500548,246
996,3,4,3,11607,382.2283205268935,0.0987925356750823,258
997,1,5,3,4719,155.4006586169045,0.0329308452250274,55
998,2,6,5,13824,455.2360043907793,0.0658616904500548,235
999,4,3,5,10987,361.8111964873765,0.1317233809001097,25
