,k,d
0,0.0,0.0003448981926060827
1,0.00012609217429411255,0.0005043686971764502
2,0.00013219371284963624,0.0006609685642481812
3,0.0004066426622076307,0.000542190216276841
4,0.0007418547721430479,0.0018546369303576195
5,6.901584223164248e-05,6.901584223164248e-05
6,0.0008988704928491142,0.00012841007040701632
7,0.0002366128047293096,0.00015774186981953972
8,0.00020078754882664465,0.0003346459147110744
9,9.209843367729926e-05,0.00046049216838649627
10,0.0001948305172408644,0.0005844915517225932
11,0.00019608007615509805,6.536002538503268e-05
12,0.0,0.00036049446495150947
13,0.00015064086340893046,0.00015064086340893046
14,0.000269810759317162,0.00017987383954477465
15,0.00020858266672070595,4.171653334414119e-05
16,0.00024899816192284113,0.0
17,0.0001890405369825047,0.0005671216109475141
18,5.703929206291015e-05,0.0001140785841258203
19,0.0,0.00019160994555121057
20,0.0003167841653914059,9.050976154040169e-05
21,0.0,0.0
22,0.00026663887153419104,0.00026663887153419104
23,0.0002073942153066004,0.0006221826459198011
24,0.00011244702611469728,0.00016867053917204593
25,9.22843773893315e-05,0.000184568754778663
26,0.0,0.0014135959577527058
27,8.67964944544801e-05,0.00013019474168172014
28,6.366142614263569e-05,0.00031830713071317844
29,0.0002507022411619145,0.00016713482744127632
30,0.00032460165924236766,0.0001947609955454206
31,0.000161367838633819,0.000484103515901457
32,0.0,0.00020735222612295633
33,0.0002311560718621246,0.00015410404790808306
34,0.0003769114747463296,0.00022614688484779777
35,0.00023043333524611965,5.760833381152991e-05
36,0.0,0.0009480475838637869
37,0.00023931863027003324,0.0007179558908100998
38,0.0,0.0011640587286226255
39,0.00010577833551907054,0.00010577833551907054
40,0.0,0.00015761908043941556
41,0.0,0.0004202312544179229
42,0.00016530884149765023,5.510294716588341e-05
43,0.0006170763687899213,0.0
44,0.00011667986153127259,0.00011667986153127259
45,0.00010446600719549355,0.0
46,0.0,0.0
47,0.00018615364968823582,6.205121656274528e-05
48,0.0003163807329584429,0.00015819036647922146
49,0.0001974429614931713,6.581432049772377e-05
50,0.0003049906974838037,0.00015249534874190186
51,0.0002349969291767183,0.0
52,4.7589925047419464e-05,0.0001427697751422584
53,0.00021586191260590152,0.0006475857378177045
54,0.0,0.00012349359040202042
55,0.00018520528419928707,0.00018520528419928707
56,0.0002994676581401394,0.0011978706325605575
57,0.0002162541824859995,0.000432508364971999
58,0.00035248595041382813,0.00028198876033106254
59,0.00011049715946837605,0.0004419886378735042
60,0.00022287612934022272,0.00011143806467011136
61,0.0,0.0006056777545072046
62,0.00016762290635620217,0.0
63,0.0003147285708927228,0.0002098190472618152
64,0.00025251151596119545,0.00010100460638447818
65,0.00030871980203209134,0.0002469758416256731
66,0.0,0.000957504692152925
67,0.0,0.0006538157545840949
68,0.0,0.0004682907785660068
69,0.0,0.00022178006723069652
70,0.00018089677137863905,9.044838568931952e-05
71,0.0003980652664794124,0.0003980652664794124
72,4.789665661625155e-05,4.789665661625155e-05
73,0.00035659406791725245,0.00035659406791725245
74,0.0002725884548801834,6.814711372004585e-05
75,0.00015886094932264372,0.00015886094932264372
76,0.0,0.0002580857942119497
77,0.00024299191580627643,4.8598383161255285e-05
78,0.0003743018125721556,6.23836354286926e-05
79,0.00016222424060151209,0.00021629898746868277
80,0.00044023205325409876,0.0
81,0.0,0.001977096389497208
82,7.05599019854684e-05,0.000352799509927342
83,0.0007588777720134356,0.0007588777720134356
84,0.0001640045108689605,0.000328009021737921
85,0.00010205903717639587,0.00040823614870558346
86,0.00028711386899882323,0.0008613416069964697
87,0.00028878904388508883,9.626301462836293e-05
88,0.0002150779609375834,0.0002867706145834445
89,0.00028826512441145857,0.000403571174176042
90,0.00034583498913626486,0.00017291749456813243
91,0.00011643955695259449,0.0003493186708577835
92,0.00010253670962028821,0.00020507341924057642
93,0.00031053252956563676,0.000388165661957046
94,0.000264194005397318,0.000132097002698659
95,0.00039334998422186387,0.00032779165351821987
96,0.0001661413230216321,0.0006645652920865283
97,0.00017275329341232543,0.00034550658682465087
98,0.00011013553888438005,0.00033040661665314017
99,0.0,0.001274932153635084
100,0.00021131862430565508,0.00042263724861131015
101,0.0,0.002149394899062163
102,0.0,0.00020150240119915227
103,0.0010241654925800898,0.0
104,0.00021148406761753132,0.0
105,0.00028837571790645006,9.612523930215003e-05
106,0.00034825362435702,0.00034825362435702
107,0.000732583330204745,0.0005494374976535588
108,0.0003381053098499289,0.0006762106196998578
109,0.00017872891116369006,0.0010723734669821404
110,7.592841321891192e-05,0.0003037136528756477
111,0.0003265632531056383,0.0009796897593169149
112,0.00021549168750746022,0.0
113,0.0003552246286928314,0.0005328369430392471
114,0.00043598152005095293,0.0
115,0.0,0.00098646381606351
116,0.0001261899739874146,0.0002523799479748292
117,0.00035906834464929514,0.00026930125848697136
118,0.0,0.0003511033259739305
119,0.0001703271156859632,0.0001703271156859632
120,0.0,0.0009295870933204565
121,0.00020791027489296837,5.197756872324209e-05
122,0.0003542938125019332,0.0002657203593764499
123,0.0002298682505694616,0.0001149341252847308
124,0.0001794730363158305,0.00011964869087722033
125,0.000482643153620852,0.0
126,0.00033035346373881013,0.0002202356424925401
127,0.00012326739804704076,0.0002465347960940815
128,0.0001593692909230856,0.0001593692909230856
129,0.0001587839664285742,0.0001587839664285742
130,0.0,0.0017689628488296023
131,0.00030576600720566213,0.00038220750900707767
132,0.0003445425770367148,0.0005168138655550721
133,7.423488074654463e-05,0.0
134,0.00027246770437904617,0.0
135,0.0,0.0003530612764589186
136,0.00018473766928833518,0.00011084260157300111
137,0.00012300711459096837,0.0004920284583638735
138,0.00012859376915602731,0.00034291671774940615
139,0.00011616800672784321,0.0006970080403670592
140,0.0,0.0013482349663839117
141,0.00014873767557491878,4.9579225191639595e-05
142,0.0004971804888284798,0.0001657268296094933
143,0.0002744447733968661,0.00013722238669843306
144,0.0005502887149531777,0.0
145,0.0,0.00066744734428863
146,0.0,0.00037510925322583683
147,0.0,0.001537157889661131
148,0.00014895118807263684,0.0004468535642179105
149,0.0003651260703611787,0.0003651260703611787
150,0.00048734254543194894,0.0009746850908638979
151,0.00025634810584229087,0.00017089873722819391
152,0.0003133659659571743,0.0007834149148929358
153,0.00012267437979268919,0.00012267437979268919
154,0.0001890713687039287,0.00025209515827190495
155,0.00018732125379451191,0.0005619637613835358
156,0.00023639397634956337,0.00033095156688938874
157,0.0001939474174820213,0.00012929827832134752
158,0.00013864592950387031,6.932296475193516e-05
159,0.00035497672050158777,8.874418012539694e-05
160,0.0,0.00065908186646577
161,0.00012949552335403132,0.00012949552335403132
162,0.0,0.0010549266754868857
163,0.0,0.0004755842767399754
164,0.0,0.0005390878143463573
165,0.0,0.00132396837446875
166,0.0002478145435371584,8.260484784571946e-05
167,0.000351851760017008,0.0
168,0.00027056464262342745,0.0
169,0.0006057305249628299,0.00012114610499256599
170,0.0003682280974167881,0.0
171,0.000466341873774854,0.00017487820266557025
172,0.0003168124901393679,0.00012672499605574717
173,0.00041300295796987545,0.00020650147898493773
174,0.00046272509325298003,5.7840636656622504e-05
175,0.0002164531783487496,0.0006493595350462489
176,0.0,0.0015807258507149718
177,0.00038706667071564875,5.529523867366411e-05
178,0.00011522445920702158,0.0005761222960351079
179,0.00025809854917308484,0.0020647883933846787
180,0.00022165362677401332,5.541340669350333e-05
181,0.00010874356332862379,0.00010874356332862379
182,0.0003539715102133146,8.849287755332865e-05
183,0.0002809700721596661,5.619401443193322e-05
184,0.0003056734521683762,0.0012226938086735049
185,0.00014178475320248012,0.0
186,0.00025383045430553544,0.0003807456814583032
187,0.0,0.0005627972082247717
188,0.00023404712237105887,0.00023404712237105887
189,0.0004646424227976912,0.0009292848455953824
190,0.00011259307372148997,0.00011259307372148997
191,0.00032069620571509733,0.0001924177234290584
192,0.00015635048693382855,0.00015635048693382855
193,9.64713595629443e-05,6.431423970862953e-05
194,0.0,0.0
195,0.00019185355433327903,0.00019185355433327903
196,0.00017436981542770112,0.00034873963085540224
197,0.00015225545228988711,0.00015225545228988711
198,0.0001702473973785215,0.0001702473973785215
199,0.00018814098518747739,0.0005644229555624322
200,0.00018476473289193363,0.000554294198675801
201,0.0005214026119594834,0.0005214026119594834
202,0.0,0.000677550443949487
203,0.00032661625134099614,0.00032661625134099614
204,0.0,0.003692015870900973
205,0.0003032607881836904,0.00020217385878912693
206,0.0006088139580628522,0.00015220348951571305
207,0.0004396749616061313,0.0
208,0.00024135327861596356,0.00036202991792394534
209,0.00017922697204910884,8.961348602455442e-05
210,0.00022948360280501906,0.00022948360280501906
211,0.00040583402422584316,6.763900403764052e-05
212,0.00017685937571797748,0.00011790625047865166
213,0.00034515432624151706,0.00013806173049660684
214,0.00022079998912974812,0.00044159997825949623
215,0.0001358756252670856,0.0002038134379006284
216,0.00035707357399404675,0.00035707357399404675
217,0.00014639476986006927,0.00029278953972013854
218,0.00010245794790884163,0.00020491589581768326
219,0.0,0.0005661111692706696
220,4.526091988465973e-05,0.00022630459942329863
221,0.0005424184689681978,0.0001808061563227326
222,0.00012482581822426385,0.00012482581822426385
223,0.00012130961650075386,0.0001819644247511308
224,0.00027516849677473295,0.0016510109806483976
225,0.0001893889979199035,0.0001420417484399276
226,0.0002741480354615365,0.0002741480354615365
227,0.0002990713197024515,0.00019938087980163433
228,0.00021225960077080261,4.2451920154160526e-05
229,0.00016841154801365993,0.00033682309602731987
230,0.0,0.0005711037934192688
231,0.0,0.0010373147996940617
232,0.0001013700738578355,0.0001013700738578355
233,8.690331920413028e-05,0.0002607099576123909
234,0.0,0.0007020265437634384
235,8.09137086359572e-05,8.09137086359572e-05
236,0.000504903084802535,0.00012622577120063375
237,0.0003503551619378498,0.0
238,0.00041837664068819573,0.0
239,0.0002392185639971478,0.0
240,0.00025961102540674553,0.00020768882032539643
241,0.0005650233428848799,0.0
242,9.895932235565808e-05,9.895932235565808e-05
243,0.0004077553717359702,0.0
244,0.0,0.0
245,0.00018110295488870577,0.00036220590977741155
246,0.00032236967532300794,0.00010745655844100264
247,0.0,0.0005434865353626679
248,0.0,0.00011653176395329074
249,0.0,0.0020885058503739545
250,0.00038562065727073614,0.0007712413145414723
251,0.0002460347636450546,0.0
252,0.00031007558120750285,0.0
253,0.0009758793831515077,0.0
254,0.0005268909953304736,0.0005268909953304736
255,0.0003770193899778555,0.000754038779955711
256,0.00018181768312901795,0.0003636353662580359
257,0.0,0.00046952799640465336
258,0.0,0.0009369270176683192
259,0.00047538099577187107,0.00047538099577187107
260,0.00011365482844264077,0.0004546193137705631
261,8.449894429487044e-05,0.0005069936657692226
262,0.00011609060568818229,0.00029022651422045575
263,0.0005007419423118464,0.0017525967980914624
264,0.00029211857150873477,0.00014605928575436739
265,0.00022598649650169294,0.00022598649650169294
266,0.0003538748718716438,0.00015166065937356163
267,0.00041813745298384245,0.00041813745298384245
268,9.971999343742996e-05,0.00014957999015614495
269,0.00013781082997103898,0.00013781082997103898
270,0.000385407419501684,0.000192703709750842
271,0.000650529725269404,0.0003903178351616424
272,0.00012117106942720697,0.00048468427770882787
273,0.0003642393633081943,0.0003642393633081943
274,0.0,0.0011367995310858413
275,0.00039430130385689635,0.00015772052154275853
276,0.0002506750518150868,0.0001880062888613151
277,0.0004262800858967144,0.0006394201288450716
278,0.0,0.0004270744392588047
279,0.00021369580619144357,0.00042739161238288713
280,0.0,0.00039859668542318547
281,0.000158147959081898,0.000632591836327592
282,0.0,0.0009945465122906249
283,0.0002515871394061961,8.386237980206537e-05
284,0.0,0.0
285,0.0005854214439751906,0.0
286,0.0005020360643082194,0.00012550901607705486
287,0.0,0.0
288,0.00022528424693459503,7.509474897819835e-05
289,0.00043384674319871805,0.00014461558106623935
290,0.0003262726957805263,0.0001305090783122105
291,0.00017950112852614672,0.0
292,0.0,0.0006405976387540431
293,0.0005509970453760487,0.0003673313635840325
294,0.00047726306348119335,0.00047726306348119335
295,0.0,0.0006226432215248755
296,0.00013180772515721068,0.00026361545031442136
297,0.0,0.0017814789590666702
298,6.150123691521956e-05,0.00024600494766087823
299,0.0003374978031955578,0.0
300,0.0005085792415846004,0.0002542896207923002
301,0.00040988652597943333,0.00040988652597943333
302,0.00021054458187563685,0.0005263614546890921
303,0.00035636736136345875,0.00044545920170432343
304,0.0005015504549832142,0.0006687339399776189
305,0.0,0.00015569365779445344
306,0.0,0.0015360318375554516
307,9.111804504667278e-05,9.111804504667278e-05
308,0.0002817385670944605,0.00014086928354723025
309,0.00023443401872320915,7.814467290773638e-05
310,0.00021187557054589166,0.0006356267116376749
311,6.065504147361214e-05,0.0001819651244208364
312,0.0,0.0011307331879198204
313,0.0,0.0002350145672226377
314,0.0003365608311965279,0.0003365608311965279
315,0.0006903407330068078,0.0017258518325170195
316,0.0,0.00020397222435977733
317,0.0007562845675186605,0.0001512569135037321
318,0.0,0.00011920066021965039
319,0.00022202577929041577,0.0
320,0.0005400630283783234,0.0
321,9.868199627084284e-05,0.00039472798508337136
322,0.00024209054444699257,0.0007262716333409778
323,0.00023046751205157772,0.0
324,0.0,0.00013500782311122526
325,0.0,0.0004328098530652697
326,0.00024035862107135302,8.011954035711768e-05
327,0.00020155762902418142,0.00040311525804836285
328,0.0003930035968747902,0.0
329,0.00034799980828051217,6.959996165610244e-05
330,0.0,0.00035095292888325224
331,6.056931605846461e-05,0.00018170794817539383
332,0.000903171708235718,0.000903171708235718
333,0.000194026972979952,0.000582080918939856
334,0.0,0.00010259908214054501
335,0.0,0.0018657795215730635
336,0.00022762397237361434,7.587465745787144e-05
337,0.00024865828276019115,0.00024865828276019115
338,0.0,0.00010061399627792346
339,0.00023171151153346796,9.93049335143434e-05
340,0.0,0.0003801791871963751
341,0.00026321684004313307,0.00013160842002156654
342,0.00012541435530938179,0.00025082871061876357
343,8.01758524328168e-05,0.0001603517048656336
344,0.0001820318940868109,9.101594704340544e-05
345,0.0,0.0008273807357023181
346,0.0002817879289608463,0.00011271517158433853
347,0.0,0.000372565867529992
348,0.0001021818135263225,0.0
349,9.302929563631748e-05,9.302929563631748e-05
350,0.0,0.0006282937567573161
351,8.173029153824812e-05,0.00024519087461474435
352,0.0007437000322877157,0.0011155500484315735
353,9.624964114915771e-05,0.0
354,0.00018990271457764338,0.0
355,0.0,0.0003334183343037627
356,0.00012090035952063682,0.00015112544940079604
357,0.0002321773854408493,0.0004643547708816986
358,8.402256069605444e-05,5.6015040464036295e-05
359,8.63199088706353e-05,0.0003452796354825412
360,0.00032334084971312325,0.0002694507080942693
361,0.0003004933088224972,0.0003756166360281215
362,0.00017629677552094636,0.0
363,0.00020432138249062415,0.0008172855299624966
364,0.0002386659883929992,4.773319767859983e-05
365,0.0003973824511647018,7.947649023294035e-05
366,0.00021877165139887333,0.0001458477675992489
367,0.0005170711378288906,7.386730540412722e-05
368,0.0003238717329415244,0.0004858075994122866
369,0.00039434381876321745,0.0002628958791754783
370,0.0,0.0010053231285435736
371,0.00010168027204918224,0.0005084013602459112
372,0.00018609002899321465,0.0003721800579864293
373,0.00021489889142485964,0.0015042922399740174
374,0.00015500950335589007,0.00031001900671178014
375,0.00047129072150885464,0.00015709690716961822
376,0.0003045832148604002,6.0916642972080035e-05
377,0.0005756480487844664,8.223543554063805e-05
378,0.00010569587110848249,0.00042278348443392996
379,0.0003368117577291397,0.0004210146971614246
380,0.00018522035882410093,0.0007408814352964037
381,0.00011555396975676733,0.00011555396975676733
382,0.0005467494032369437,0.0005467494032369437
383,0.0,0.0005833399174739
384,0.0,6.967637361167876e-05
385,0.00016315644680197063,8.157822340098532e-05
386,0.0003425224264350253,0.0
387,6.88269006347827e-05,0.0002753076025391308
388,0.00023611519529223213,0.000550935455681875
389,6.876188086336657e-05,0.00048133316604356596
390,0.0002349779521151201,0.00014098677126907205
391,0.00036747145129348996,0.0007349429025869799
392,0.00017978488680863436,0.00017978488680863436
393,0.00032907506517168485,8.226876629292121e-05
394,0.0003844911012155931,8.544246693679847e-05
395,0.00034866536376400195,6.973307275280038e-05
396,0.0,0.0007353513893907821
397,0.0001208905440390561,0.0002417810880781122
398,0.0001163117260131735,0.0001163117260131735
399,0.0001234047388927182,0.0003702142166781546
400,0.00021509350119069606,0.00028679133492092807
401,0.00016326045267555202,0.0009795627160533121
402,0.00013492670443192458,0.00026985340886384916
403,0.00032328698128008664,0.0008082174532002167
404,5.814504234450052e-05,0.00017443512703350155
405,0.0003997514457079378,0.0006662524095132296
406,3.792979186571065e-05,0.0001517191674628426
407,0.0001989427336799119,6.631424455997064e-05
408,0.000373788642009608,0.000186894321004804
409,0.0003678241785809438,0.0
410,0.00025509989061225967,0.00010203995624490387
411,0.0,0.0005985335773029383
412,0.0003785655684311155,9.464139210777888e-05
413,0.0003582380291375223,0.00017911901456876115
414,0.00016849691557451352,0.00016849691557451352
415,0.00019069346879109858,0.0
416,0.00046466304913929396,0.00046466304913929396
417,9.888353802385483e-05,0.0002966506140715645
418,0.00017364219425156828,0.0005209265827547048
419,0.00013976088421538405,0.00013976088421538405
420,0.00012667959428439268,0.00038003878285317803
421,0.0,0.00016920408346453636
422,0.0001410200739720737,7.051003698603685e-05
423,0.00022135463218808446,0.0
424,0.00018683382666101944,4.670845666525486e-05
425,0.00019993262114431732,0.00013328841409621155
426,0.0,0.0
427,0.0,0.0002785013410628336
428,0.0002906991981473305,0.000581398396294661
429,0.00024242422625050383,0.00012121211312525191
430,0.00013129443125470153,0.00013129443125470153
431,0.0,0.001330228206994869
432,0.00010829201507393385,0.00016243802261090077
433,0.0001571005241344475,0.000314201048268895
434,0.0006825177165143943,0.0006825177165143943
435,0.00032440469340083537,0.00032440469340083537
436,0.0,0.00157907513840119
437,0.00010873219854345616,0.00010873219854345616
438,0.00020384246375194869,0.00040768492750389737
439,0.00029357559106074415,0.00011743023642429765
440,0.00044766731007845766,6.395247286835108e-05
441,0.0,0.0003104822180386305
442,0.00026219837159526384,0.00010487934863810554
443,0.0,0.0005804099437761941
444,0.0002484597410267825,4.96919482053565e-05
445,0.0002444610383950503,3.492300548500718e-05
446,0.00018992227898027476,0.000759689115921099
447,0.00024080359320499326,0.00024080359320499326
448,0.00012496851463345376,0.0002499370292669075
449,7.965857644268638e-05,0.00023897572932805915
450,0.0003391029753473938,0.0002712823802779151
451,0.0,0.0008209662059763594
452,0.0001434935943563415,0.000286987188712683
453,0.00015076976828914683,0.00015076976828914683
454,0.0,0.00043061441348909155
455,0.0,0.0004975732302837431
456,0.000627169336268083,0.000627169336268083
457,7.14162484355781e-05,0.0
458,0.0001952049553846237,0.0
459,0.00038987997876593986,9.746999469148497e-05
460,0.0004755855189617995,0.00015852850632059985
461,0.0,0.00026856053876926986
462,0.00017571112022863434,0.00021963890028579294
463,0.00035263416556224154,0.00035263416556224154
464,0.0002786589884642349,0.0002786589884642349
465,0.00014003613014258894,9.335742009505929e-05
466,0.00017065868805189946,0.0010239521283113967
467,0.00021732506726049,0.00014488337817365998
468,0.00020725930163505903,0.00010362965081752951
469,0.00016043603646827956,0.00010695735764551971
470,0.00014934551783455375,0.0008960731070073224
471,0.0005218841485978862,0.00044732927022675953
472,0.000501839454636291,8.36399091060485e-05
473,0.00017032523518695352,0.0
474,0.0005273088935843582,0.0005273088935843582
475,9.00393006461595e-05,0.0002701179019384785
476,0.00018884872353665326,9.442436176832663e-05
477,9.180556112923091e-05,9.180556112923091e-05
478,0.00020664834087029472,0.0003444139014504912
479,0.0,0.0005486662209954079
480,0.0,0.00027223238949813277
481,0.0004261603997575993,0.0004261603997575993
482,0.00011577674711304853,0.00011577674711304853
483,0.00030879854268560256,0.00030879854268560256
484,0.0003965691910670968,0.0007931383821341936
485,0.0002195998669727168,0.0001097999334863584
486,0.0002222219879498014,0.00033333298192470207
487,0.00028514403071512086,4.7524005119186814e-05
488,0.00023959829185910168,0.00015973219457273447
489,0.0004028023641676733,0.0006042035462515099
490,0.0002685007692069744,8.95002564023248e-05
491,0.0,0.0010779888070795688
492,0.00024383943174523064,0.00012191971587261532
493,0.0002007590101785555,0.000401518020357111
494,0.0,0.0006027380502082196
495,0.00030674899429188073,0.00015337449714594037
496,0.0004952123749580458,0.0004952123749580458
497,0.0003192490937326831,0.00010641636457756103
498,0.00014306688080952188,0.00014306688080952188
499,0.0004030200233316401,0.0004030200233316401
500,0.0005829471834022224,0.0009715786390037042
501,0.0003387149119004524,0.00022580994126696828
502,0.0001203220542115599,0.0003609661626346797
503,0.0,0.00022148803460450328
504,0.0,0.0020501050247271916
505,0.00028808752197079663,0.00028808752197079663
506,0.0002236341124944301,0.00011181705624721505
507,0.00015389768993786601,5.129922997928867e-05
508,0.0005564801510784587,6.956001888480734e-05
509,0.0,0.00043995594897228016
510,0.0002170070392056392,3.6167839867606533e-05
511,0.0001756368390195702,0.00021954604877446273
512,0.00019336518073608238,0.00038673036147216476
513,0.00016334188948612102,0.00032668377897224205
514,0.00017969798247201941,0.00014375838597761553
515,5.261382767808317e-05,0.000315682966068499
516,0.00027716834686095993,0.00011086733874438398
517,0.0002893676260573654,0.00023149410084589232
518,0.00021771715694440664,0.00016328786770830497
519,0.0002150094898682647,0.0002866793198243529
520,0.0001627813441327347,0.0001085208960884898
521,4.090079664429936e-05,0.0002454047798657962
522,0.00036354745670808447,0.0012724160984782956
523,0.00018514612972753952,0.00011108767783652372
524,0.00017622274577090236,0.00017622274577090236
525,0.0003182034776461614,7.955086941154036e-05
526,0.000419391346177519,0.00011982609890786257
527,0.00041707475323570317,0.0005560996709809376
528,0.00017093187091585566,8.546593545792783e-05
529,0.00022063821978759415,0.00022063821978759415
530,0.0003118767157089747,0.00017821526611941414
531,0.00018486144721821258,0.00013864608541365944
532,0.00015032392363415644,0.0007516196181707822
533,0.0003124125820977091,8.92607377422026e-05
534,0.00029540136467325734,0.000443102047009886
535,7.020556647964293e-05,0.00042123339887785763
536,0.00019435777191500607,0.00012957184794333738
537,0.00021193388461957703,0.0008477355384783081
538,0.0003642354395880952,0.0003642354395880952
539,0.0005008542244791393,0.00037564066835935446
540,0.0002643798946937968,0.0
541,0.0004590396646727575,7.650661077879291e-05
542,0.0,0.0016262573173150745
543,5.126370803419695e-05,0.0002050548321367878
544,0.00030924556746441095,0.00030924556746441095
545,0.000195796490891464,0.0005873894726743919
546,0.00023286283804409147,0.00023286283804409147
547,0.00036541080729024636,0.00036541080729024636
548,0.000126904203083685,0.00015863025385460622
549,0.00016897717661302906,0.0003379543532260581
550,0.00012728319916155084,0.00021213866526925137
551,0.00019900958566179742,0.00019900958566179742
552,0.0,0.0010872939439593643
553,0.00025303843353003725,8.434614451001243e-05
554,0.0001832401569948205,0.0001832401569948205
555,0.0003793181404958093,7.586362809916186e-05
556,0.00033745737758843095,9.641639359669455e-05
557,0.00033993419567981877,0.000849835489199547
558,0.00023308271581000962,6.659506166000276e-05
559,0.0001291526293189285,0.00038745788795678553
560,0.00038382027575828,0.000153528110303312
561,0.0,0.00026360307096058203
562,0.0003426907009054905,0.000456920934540654
563,0.0,0.0007846402585738857
564,0.00020154817597927603,0.00040309635195855207
565,0.00014844430808084007,0.00014844430808084007
566,0.0008109101442686592,0.0008109101442686592
567,0.0003117148681504601,0.0002493718945203681
568,0.00027620509663395086,0.0006905127415848772
569,0.0003348332887995682,0.0
570,0.0004872818974178364,0.0003898255179342691
571,0.0004979685353348647,0.000746952803002297
572,0.00019245908042279128,0.0009622954021139564
573,0.0,0.0013299747338655007
574,0.0005630037521454202,0.000750671669527227
575,0.0001799545005699195,5.9984833523306495e-05
576,0.0004804304521603765,0.0004804304521603765
577,0.0001930841692190473,4.8271042304761825e-05
578,0.0002845027609042053,0.0
579,0.0,0.0003568145406481597
580,0.00016640004505491488,0.0006656001802196595
581,0.0004732996650379109,0.00015776655501263697
582,0.00011999708969399405,7.999805979599604e-05
583,0.0,0.0001583192174091961
584,0.0,0.001425278461425979
585,0.0,0.0006649319727414685
586,0.000528363647560709,0.001056727295121418
587,0.0,0.0004878629558755216
588,0.0,0.0007758386655250891
589,0.00026172382902610753,0.0005234476580522151
590,0.0005990045952333031,0.0
591,0.00018691744590901662,0.0
592,0.00048716301556943955,0.0
593,0.00017652500514477094,0.0
594,0.0,0.000477204214534045
595,0.0,0.0002528562470073545
596,6.606765000977336e-05,6.606765000977336e-05
597,0.0,0.0002740369511296113
598,0.00023027940161456618,5.7569850403641546e-05
599,0.0,0.0018681354854625906
600,0.00017484996849513943,5.828332283171314e-05
601,0.0,0.00020862744168523092
602,0.00016968164141073654,0.0
603,0.00017136845981496803,0.0
604,0.0005487487024560452,0.0005487487024560452
605,0.00010155173957760928,0.00023695405901442165
606,0.00013556290381501669,0.00027112580763003337
607,0.0,3.5731941590650746e-05
608,2.898294679646184e-05,8.694884038938552e-05
609,0.0001331190366480395,0.000266238073296079
610,6.464025513264462e-05,9.696038269896692e-05
611,0.00020840644563484303,0.00015630483422613225
612,0.00010749274636940806,7.16618309129387e-05
613,0.0004544560338586258,0.0
614,0.0,0.00026892856810373255
615,0.0004068372026943465,0.0004068372026943465
616,9.521969796047975e-05,0.0001904393959209595
617,0.0003827593978089485,0.0003827593978089485
618,0.0011581193166153461,0.0011581193166153461
619,9.252228014660805e-05,0.0
620,0.00020913674416946966,0.0003137051162542045
621,0.00036112151240601687,0.0001203738374686723
622,0.0007128571243466549,0.0
623,0.0,0.001267698137383168
624,0.0005643167124958316,0.0
625,0.0005377265927056303,7.68180846722329e-05
626,0.00037975081059954494,7.595016211990899e-05
627,0.0004013923011551684,0.0
628,0.0,0.0
629,0.0,0.0005227217142257301
630,0.00034672834767518495,0.0008668208691879624
631,0.0,0.00021453085978748282
632,0.0,0.0006030740092419925
633,0.0,0.002636848186381377
634,0.0,0.0005339787636782765
635,0.0,0.0007414949504301786
636,0.00040332013899567194,0.00030249010424675396
637,8.414524308599441e-05,0.00016829048617198882
638,0.0006475686004613969,0.0038854116027683817
639,0.00010442153337923799,0.00010442153337923799
640,0.0004662610044030805,9.32522008806161e-05
641,0.0002679470680595645,8.931568935318816e-05
642,0.00032470609446542763,5.41176824109046e-05
643,0.0007110130703831969,0.00017775326759579923
644,0.00039470508467564824,0.0007894101693512965
645,0.0002401775529305165,0.000480355105861033
646,0.00011345659281526005,0.00034036977844578015
647,0.0,7.126644799087886e-05
648,0.0004877024216808904,0.0014631072650426714
649,6.856057256411401e-05,6.856057256411401e-05
650,0.0002639657167101071,0.0
651,0.000455488215113439,0.00013013949003241114
652,0.00023059444464763922,0.0
653,0.0,0.0007978929915470614
654,0.0,0.00030146699925138196
655,0.0004761977718349052,0.0004761977718349052
656,0.00042014868970595485,0.00031511151727946614
657,0.0,0.0007570382241601964
658,0.0002980163223888301,0.0011920652895553204
659,0.00047392942507274447,0.00018957177002909778
660,0.0,0.00035714789804915434
661,0.00037019696091809763,0.00010577056026231362
662,0.0006775272944779554,0.0
663,0.0,0.0007134248079722919
664,0.0004004052814036095,5.720075448622993e-05
665,0.0006333404953958133,0.00015833512384895332
666,0.00010443046635534598,5.221523317767299e-05
667,0.00011734858256063743,0.00011734858256063743
668,0.0,0.0004848687007474084
669,0.0,0.00010058039220269888
670,0.00012871019486874135,0.0006435509743437067
671,0.0,0.00047366549148394606
672,0.00031798448313477784,0.00019874030195923616
673,0.0,0.000782425969165948
674,6.880130060580863e-05,0.00034400650302904317
675,0.00043053690729037686,0.00025832214437422613
676,0.0004430771860189104,0.0001107692965047276
677,0.00046180122451137734,0.00018472048980455093
678,0.0002859872424668716,0.0002859872424668716
679,0.00023640377422288686,0.0003152050322971825
680,0.00038423921727385763,0.0005123189563651435
681,0.0003423416337812406,0.000570569389635401
682,0.00040294564146404343,0.00030220923109803254
683,0.0,0.0014357344604570901
684,0.00022787397618147367,7.595799206049123e-05
685,0.0008175105339071977,0.00011678721912959967
686,0.0002305452759749604,0.0
687,0.0005719607593731579,8.170867991045113e-05
688,0.0003246358394554248,0.0
689,0.0,0.0003066070256315357
690,0.0,0.0006779391490797865
691,0.0,0.0005328655937710435
692,0.0003824540221703794,0.0007649080443407588
693,0.0004067774911717417,0.0020338874558587087
694,7.083008730764841e-05,0.0002124902619229452
695,0.00013312908317918268,0.00019969362476877402
696,0.0003933546466197737,8.741214369328304e-05
697,0.0002623022852735362,0.0003934534279103043
698,0.000655062531852909,0.000655062531852909
699,7.989508882174483e-05,3.994754441087242e-05
700,0.00018335704413561022,0.00036671408827122044
701,0.0001300839072443023,0.00030352911690337205
702,0.00042524992475465544,0.00014174997491821846
703,0.0,0.0006659856981003707
704,0.0,0.00020611754982191927
705,0.000802672897688583,0.0
706,0.00011955007612283155,0.00011955007612283155
707,0.00031933730531316765,6.386746106263352e-05
708,0.0,0.00018736958149422105
709,0.0,0.0002036121008771921
710,0.0006505265413449052,0.0006505265413449052
711,0.00016157615106973674,0.00024236422660460513
712,0.0,0.00040059615891174213
713,0.0,0.00018191362650332696
714,0.0005790215049651619,0.0
715,0.0004929057967734572,0.0002464528983867286
716,0.00043384480470454737,0.0
717,0.00042188177650878764,0.0
718,0.0005261025154452173,0.0
719,0.0,0.00089669197880584
720,0.0,0.0008512183985487302
721,0.0,0.0011330509947288028
722,0.0002456586646999403,0.0007369759940998209
723,0.0,0.0015596305557361025
724,0.00014268556408417667,7.134278204208834e-05
725,0.0,0.0006228963245774224
726,0.00011040415043361397,0.0003312124513008419
727,0.0,0.00022770473105842917
728,0.0,0.0005461444204105056
729,0.00014126927635230304,9.417951756820204e-05
730,0.00015766450663457982,0.00015766450663457982
731,0.00041784463735788094,0.0
732,0.0,0.0
733,0.00010039601085249403,0.0
734,0.0002929106728342795,0.001171642691337118
735,0.00044171278497909353,0.0003533702279832748
736,0.000250202836960723,0.0003753042554410845
737,0.00025781179828461836,0.00019335884871346377
738,0.0,0.0012212819665144911
739,0.0003583432498270541,0.00029861937485587846
740,0.0004220892568281454,0.00031656694262110905
741,0.00035291527674385307,0.0
742,0.0003742378238790036,0.0001247459412930012
743,0.00028052332595300425,0.0014026166297650211
744,0.0,0.000359813098311066
745,0.0004890358185324331,0.0007335537277986496
746,0.0004471646566353481,0.0006707469849530222
747,0.00021568365633448634,7.189455211149545e-05
748,0.0009231893446689913,0.0009231893446689913
749,0.00022621686960597792,0.0
750,0.0002918961916783913,0.0001945974611189275
751,0.00021539333510679995,0.00021539333510679995
752,0.0004770044397913827,0.0
753,0.0,0.0016184637081947614
754,0.0,0.00040806556491651465
755,0.00029723874511480917,0.0014861937255740457
756,0.0001234233237770676,0.0003702699713312028
757,0.0,0.0014597577751120554
758,0.0,0.001168417321823973
759,0.0005715816003047227,0.0
760,0.00033619129251262004,8.404782312815501e-05
761,0.00038437323203208113,9.609330800802028e-05
762,0.00030413383195934446,0.0
763,0.0001821152046771952,0.0
764,0.0,0.00029099133574087314
765,0.0,0.0009100448066751954
766,8.570189373072114e-05,0.00034280757492288457
767,0.00015505536535758354,0.00015505536535758354
768,0.00031915638881034397,0.0022340947216724074
769,0.00010631194128872603,0.0
770,0.00020560626542579497,0.0
771,9.723414631521421e-05,0.00019446829263042843
772,0.00022215756227488391,0.00022215756227488391
773,0.00036351990500324593,0.00036351990500324593
774,0.0002562329443488696,0.00010249317773954785
775,0.0,0.0006750251391523888
776,0.00019306021899310856,0.00014479516424483144
777,0.00010721808046287259,0.00010721808046287259
778,6.571276604497336e-05,6.571276604497336e-05
779,0.00031189010271281053,0.0
780,0.00028240704452635307,0.0014120352226317653
781,0.00030938289953348554,0.00030938289953348554
782,0.00018911097396071667,0.000283666460941075
783,0.0005001352888239528,0.00033342352588263524
784,0.00024013105952952986,0.00015008191220595616
785,0.00028586501354377743,0.00022869201083502194
786,0.00017688271410637877,0.00013266203557978407
787,0.0002635446349388864,9.88292381020824e-05
788,0.0,0.0002561326410195127
789,0.0001697198111268253,0.0008485990556341265
790,0.0002852916867134433,0.0002852916867134433
791,0.00042270731467779216,0.00042270731467779216
792,0.0,0.0016845917555694898
793,0.0003387680466664022,9.679087047611492e-05
794,0.0003731543653650443,0.0
795,0.0003655880597981985,7.31176119596397e-05
796,0.00024761314008177706,0.0
797,0.0008306078179855943,0.001107477090647459
798,0.00022146613814686368,0.00022146613814686368
799,0.00014380043883386397,0.00028760087766772793
800,0.00016155098977660098,8.077549488830049e-05
801,0.00027091227109408283,0.00045152045182347145
802,0.0,0.0008917481248037188
803,0.00012445276240770245,0.0004978110496308098
804,0.00041694050851310237,0.001250821525539307
805,0.0003783379124705325,7.566758249410649e-05
806,0.0001951516917872851,4.8787922946821276e-05
807,0.0006286665180841863,0.0
808,0.0004094913089544321,0.0
809,0.0005669530383728104,0.0
810,0.000275730602208406,0.00018382040147227067
811,0.0003417483485371674,0.0
812,0.0,0.0012908021083928997
813,0.00016868797526350775,0.00016868797526350775
814,0.0,0.0010762865199247442
815,0.00010636615114658935,0.0004254646045863574
816,0.0,0.0003876398197547774
817,0.0002598421576874564,0.001299210788437282
818,0.00016979172107885245,0.0
819,0.0004023014195016077,0.0
820,0.00023541594553987507,0.0
821,0.0005791296771122913,0.0
822,0.0003014590930809837,0.0009043772792429512
823,0.0,0.0001558715484153847
824,0.0002979111031682437,0.000893733309504731
825,0.0,0.0013483808755343015
826,0.00010649558295927629,5.324779147963814e-05
827,0.0,0.0008688846762740428
828,7.065761088758415e-05,0.0002826304435503366
829,0.00028104090640583123,0.0004215613596087468
830,7.20122121185351e-05,0.0001440244242370702
831,9.33804920964476e-05,9.33804920964476e-05
832,0.0,0.0
833,3.603406138117429e-05,3.603406138117429e-05
834,0.0005375240585270808,0.0002687620292635404
835,0.0001565068529844391,5.2168950994813035e-05
836,0.0001545606515010465,0.0001545606515010465
837,0.00014781460631076786,0.0
838,0.0,0.0009534888763458281
839,0.0002777872899745873,0.0008333618699237618
840,0.00028305432870412753,0.0005661086574082551
841,0.000387166920723293,0.000387166920723293
842,0.0,0.001643616231094505
843,7.05736623485271e-05,7.05736623485271e-05
844,0.000362665059705322,0.000362665059705322
845,0.0003536530957050925,0.0
846,0.00041065087662891056,0.00010266271915722764
847,0.0,0.0
848,0.00011969027474380873,0.0
849,0.00011485562192816084,0.00022971124385632167
850,0.00029250712910065905,0.0
851,0.00014438031570104145,0.00014438031570104145
852,0.0003505611416706987,0.0007011222833413974
853,0.00018158536118251007,9.079268059125503e-05
854,0.000650233620973507,0.000650233620973507
855,0.00019245387895570283,0.00038490775791140565
856,0.0,0.00019955501303738966
857,0.0,0.00026308970184969044
858,0.00011924309611486045,0.00035772928834458133
859,0.0008427570844970816,0.0005618380563313877
860,0.0005312330964028565,0.0
861,0.0007312491667136876,9.140614583921095e-05
862,0.0,0.0007534910603788467
863,0.00023619745892018059,0.00023619745892018059
864,0.0004956053915762163,0.0007434080873643245
865,0.00014536161927121058,0.00021804242890681588
866,0.0,0.0004247041906009648
867,0.0004596982689401986,0.0009193965378803972
868,0.00015600953291152004,0.0
869,0.00018296955035386828,4.574238758846707e-05
870,0.0004194709302294673,0.0
871,0.0002788467929829492,0.0
872,0.0,0.00015676849594412447
873,0.0,0.0004316856232092863
874,0.0,0.0007447251210323544
875,8.400078841592961e-05,8.400078841592961e-05
876,9.299068405621365e-05,0.0001859813681124273
877,0.0,0.0010294238365910465
878,0.00023474695443646712,0.0
879,0.0002357291252017076,0.0
880,0.00037024960080351866,0.000277687200602639
881,0.0004827536535138209,0.0
882,0.0,0.0003575733666597508
883,0.0,0.000742575557630748
884,0.00013884657935794604,0.00027769315871589207
885,0.00016628340090672078,0.000415708502266802
886,0.0,0.0005091474998953234
887,0.00026291506097160164,0.0007887451829148049
888,0.00017858790418914434,0.00011905860279276289
889,0.0,0.0004299563841574334
890,0.00026368701895040393,0.00013184350947520197
891,0.00017192064070504714,0.0005157619221151414
892,0.00035290592733472326,0.00017645296366736163
893,0.0001641134747696178,0.00041028368692404445
894,0.0005226534693769488,0.000418122775501559
895,2.8009271295658135e-05,8.40278138869744e-05
896,7.71370673265875e-05,0.00038568533663293754
897,0.00032464415389619534,0.0008116103847404883
898,0.00024999266287460204,0.00016666177524973468
899,0.00042727137101724417,0.0001898983871187752
900,0.0,0.0003918380916827124
901,0.00019520621770473698,0.00026027495693964933
902,0.00026619924886825245,0.00026619924886825245
903,0.0002762422640146462,0.00011049690560585847
904,0.0004006035351905242,0.00015022632569644656
905,0.0,0.001209991238044601
906,4.3646187610697555e-05,0.00017458475044279022
907,0.00033583741115871067,0.000503756116738066
908,0.00011590938474951642,0.00046363753899806567
909,0.00023735273454551775,0.0004747054690910355
910,0.0,0.0007587212656215915
911,8.920319925819299e-05,0.0004460159962909649
912,0.00040511641462830745,0.0
913,0.0002948521403452913,0.0
914,0.00031852758456171287,0.0
915,0.00017258520634061858,0.00017258520634061858
916,0.0,0.0008208437298330925
917,0.00022704902460084269,0.00022704902460084269
918,0.0,0.0003242744188101511
919,0.0,0.00019748880005676498
920,0.00027368768560936875,0.0005473753712187375
921,0.000252972056775924,0.000252972056775924
922,0.00013125223277155412,6.562611638577706e-05
923,0.00033050227563221984,0.0
924,0.0,0.0008126027193385535
925,0.00019975076114216427,0.00039950152228432855
926,0.0004337542807692632,0.0
927,0.000343620443349578,0.0
928,0.000355722970902561,0.00021343378254153658
929,0.00038507131929614753,0.0005776069789442213
930,0.00047535208081565474,0.0003802816646525238
931,0.00019985078378624053,0.0005995523513587216
932,0.00010014022319873085,0.0002002804463974617
933,0.00019188743429673008,0.0011513246057803805
934,0.0001401389963551116,0.00021020849453266742
935,0.0,0.00014793116892071752
936,0.0,0.00045406174900937564
937,0.0,0.00045852353711974637
938,0.0004390468144851146,0.00029269787632340975
939,0.0,0.002493067890498819
940,0.00044537210550815964,0.0
941,0.00011399467853336942,0.00022798935706673884
942,0.00011515011036600076,0.00011515011036600076
943,0.0,0.0
944,0.00010642460827967742,0.0005321230413983871
945,0.0005603350190495602,0.0003362010114297361
946,0.00020696564874735885,0.0001241793892484153
947,0.0,0.0004718835639441754
948,0.0,0.001080202525314747
949,0.0,0.0001799949715246682
950,0.0006266170345041211,0.0
951,0.0003260919063854213,0.00010869730212847378
952,0.00038105966496396583,9.526491624099146e-05
953,0.0004169701947233977,0.0008339403894467954
954,7.248156694653182e-05,0.0002899262677861273
955,0.0002916865266178866,5.833730532357732e-05
956,0.0003937701264739684,0.0
957,0.0003734189195789135,0.0001493675678315654
958,0.00022673595223480928,0.00022673595223480928
959,0.0,0.00048570173814621316
960,0.0003401186710161599,0.00017005933550807994
961,0.0,0.0003507318945188562
962,0.00014184632470428199,0.00014184632470428199
963,0.0007788917280836568,0.000973614660104571
964,0.00012733266423438315,0.0001909989963515747
965,0.00023468651156944496,0.0004693730231388899
966,0.0004332134432569462,0.0
967,0.00033857414730387457,5.6429024550645755e-05
968,0.0001877116932042656,0.0005631350796127968
969,0.0,0.0004799149904063022
970,0.00033197004070963614,0.0006639400814192723
971,0.0001719995186338049,0.0003439990372676098
972,0.0005261286215104831,0.00010522572430209664
973,0.0003729355495680249,0.0011188066487040746
974,0.00021750703171357028,0.00010875351585678514
975,0.00014413690633558238,0.0003603422658389559
976,0.00023469848253088836,0.0003911641375514806
977,6.341112497898875e-05,0.000253644499915955
978,0.0,0.001169112253065418
979,0.00012552117179598303,0.00016736156239464402
980,0.0002508954074136244,0.00016726360494241627
981,0.0002772338863408415,4.620564772347359e-05
982,0.00016000759915241474,0.00048002279745724426
983,0.00019226353272957914,0.00019226353272957914
984,0.0004407350213149816,0.0
985,0.0002903860945398615,0.0002903860945398615
986,0.0004849407085240883,0.00010776460189424185
987,0.0002071634896637406,0.0002071634896637406
988,6.474872335371022e-05,0.0002589948934148409
989,0.00031355854016908,0.00062711708033816
990,0.0002271003530381493,0.00011355017651907465
991,0.0,0.000601321361160652
992,0.0,0.0006059271380233039
993,0.00019180825724421174,0.00012787217149614114
994,0.0005864588535833098,0.0
995,0.00023054250067295346,0.00023054250067295346
996,0.00025826093195467333,0.00034434790927289775
997,0.00021177996047310843,0.0010588998023655421
998,0.00014457665312145795,0.00043372995936437385
999,0.00036386836404605073,0.00027290127303453805
