,kpm,okpm,a,k,d,performance
0,0.0,0.0376884422110552,4.0,0.0,4.0,C
1,0.0376884422110552,0.2638190954773869,5.0,1.0,4.0,A
2,0.0376884422110552,0.1130653266331658,6.0,1.0,5.0,C
3,0.1130653266331658,0.414572864321608,1.0,3.0,4.0,A
4,0.0753768844221105,0.0,2.0,2.0,5.0,A
5,0.0376884422110552,0.0,12.0,1.0,1.0,B
6,0.2638190954773869,0.0376884422110552,6.0,7.0,1.0,A
7,0.1130653266331658,0.0376884422110552,10.0,3.0,2.0,C
8,0.414572864321608,0.1130653266331658,5.0,11.0,0.0,A
9,0.0,0.0753768844221105,18.0,0.0,3.0,A
10,0.0788091068301225,0.052539404553415,4.0,3.0,5.0,C
11,0.0262697022767075,0.0788091068301225,6.0,1.0,5.0,C
12,0.0262697022767075,0.1313485113835376,1.0,1.0,3.0,C
13,0.0788091068301225,0.1313485113835376,2.0,3.0,1.0,B
14,0.0,0.0262697022767075,4.0,0.0,2.0,C
15,0.052539404553415,0.0788091068301225,11.0,2.0,2.0,C
16,0.0788091068301225,0.0262697022767075,4.0,3.0,2.0,C
17,0.1313485113835376,0.0262697022767075,6.0,5.0,1.0,C
18,0.1313485113835376,0.0788091068301225,4.0,5.0,0.0,B
19,0.0262697022767075,0.0,9.0,1.0,3.0,C
20,0.0266075388026607,0.0798226164079822,14.0,1.0,2.0,A
21,0.0,0.0532150776053215,16.0,0.0,1.0,A
22,0.2660753880266075,0.0532150776053215,4.0,10.0,3.0,A
23,0.1862527716186252,0.0266075388026607,5.0,7.0,2.0,B
24,0.0,0.0,12.0,0.0,0.0,A
25,0.0798226164079822,0.0266075388026607,2.0,3.0,3.0,C
26,0.0532150776053215,0.0,2.0,2.0,6.0,A
27,0.0532150776053215,0.2660753880266075,1.0,2.0,3.0,A
28,0.0266075388026607,0.1862527716186252,4.0,1.0,2.0,B
29,0.0,0.0,3.0,0.0,4.0,B
30,0.0506542845082313,0.0,2.0,2.0,3.0,C
31,0.0253271422541156,0.0759814267623469,6.0,1.0,5.0,C
32,0.0759814267623469,0.1266357112705783,6.0,3.0,2.0,C
33,0.1266357112705783,0.2026171380329252,2.0,5.0,3.0,B
34,0.0253271422541156,0.0,8.0,1.0,3.0,C
35,0.0,0.0506542845082313,6.0,0.0,2.0,C
36,0.0759814267623469,0.0253271422541156,7.0,3.0,2.0,C
37,0.1266357112705783,0.0759814267623469,5.0,5.0,3.0,C
38,0.2026171380329252,0.1266357112705783,6.0,8.0,2.0,A
39,0.0,0.0253271422541156,10.0,0.0,3.0,C
40,0.025630072618539,0.0768902178556172,1.0,1.0,3.0,C
41,0.0,0.1281503630926954,0.0,0.0,4.0,B
42,0.025630072618539,0.025630072618539,0.0,1.0,1.0,B
43,0.0,0.025630072618539,0.0,0.0,1.0,B
44,0.0,0.0,1.0,0.0,1.0,B
45,0.0768902178556172,0.025630072618539,2.0,3.0,1.0,B
46,0.1281503630926954,0.0,1.0,5.0,0.0,A
47,0.025630072618539,0.025630072618539,7.0,1.0,1.0,C
48,0.025630072618539,0.0,4.0,1.0,0.0,B
49,0.0,0.0,8.0,0.0,0.0,B
50,0.099502487562189,0.033167495854063,5.0,3.0,1.0,C
51,0.066334991708126,0.033167495854063,8.0,2.0,1.0,C
52,0.099502487562189,0.0,3.0,3.0,1.0,C
53,0.132669983416252,0.066334991708126,3.0,4.0,2.0,C
54,0.033167495854063,0.033167495854063,9.0,1.0,0.0,B
55,0.033167495854063,0.099502487562189,1.0,1.0,3.0,C
56,0.033167495854063,0.066334991708126,3.0,1.0,3.0,C
57,0.0,0.099502487562189,3.0,0.0,1.0,C
58,0.066334991708126,0.132669983416252,1.0,2.0,2.0,C
59,0.033167495854063,0.033167495854063,2.0,1.0,4.0,C
60,0.0577478344562078,0.1154956689124157,3.0,2.0,4.0,C
61,0.1443695861405197,0.0866217516843118,5.0,5.0,4.0,C
62,0.0288739172281039,0.1443695861405197,3.0,1.0,4.0,C
63,0.1154956689124157,0.1443695861405197,5.0,4.0,2.0,C
64,0.0,0.0,8.0,0.0,3.0,C
65,0.1154956689124157,0.0577478344562078,6.0,4.0,0.0,C
66,0.0866217516843118,0.1443695861405197,9.0,3.0,2.0,C
67,0.1443695861405197,0.0288739172281039,6.0,5.0,2.0,C
68,0.1443695861405197,0.1154956689124157,4.0,5.0,4.0,C
69,0.0,0.0,12.0,0.0,4.0,B
70,0.0,0.0291970802919708,0.0,0.0,1.0,B
71,0.0,0.0291970802919708,3.0,0.0,2.0,C
72,0.0,0.1167883211678832,2.0,0.0,2.0,C
73,0.0583941605839416,0.0291970802919708,0.0,2.0,1.0,B
74,0.0291970802919708,0.0,2.0,1.0,1.0,B
75,0.0291970802919708,0.0,2.0,1.0,1.0,B
76,0.0291970802919708,0.0,4.0,1.0,1.0,C
77,0.1167883211678832,0.0,2.0,4.0,1.0,B
78,0.0291970802919708,0.0583941605839416,3.0,1.0,1.0,C
79,0.0,0.0291970802919708,6.0,0.0,1.0,C
80,0.165929203539823,0.0331858407079646,5.0,5.0,1.0,C
81,0.1991150442477876,0.1991150442477876,10.0,6.0,1.0,A
82,0.0995575221238938,0.0663716814159292,8.0,3.0,4.0,C
83,0.2654867256637168,0.0331858407079646,4.0,8.0,0.0,A
84,0.0,0.0331858407079646,7.0,0.0,5.0,B
85,0.0331858407079646,0.165929203539823,7.0,1.0,5.0,C
86,0.1991150442477876,0.1991150442477876,1.0,6.0,6.0,A
87,0.0663716814159292,0.0995575221238938,6.0,2.0,4.0,C
88,0.0331858407079646,0.2654867256637168,4.0,1.0,4.0,A
89,0.0331858407079646,0.0,5.0,1.0,3.0,C
90,0.1498751040799334,0.0499583680266444,7.0,6.0,2.0,B
91,0.0749375520399667,0.0999167360532889,5.0,3.0,4.0,C
92,0.1248959200666111,0.1498751040799334,10.0,5.0,7.0,A
93,0.1498751040799334,0.1498751040799334,6.0,6.0,3.0,B
94,0.0249791840133222,0.0249791840133222,11.0,1.0,3.0,C
95,0.0499583680266444,0.1498751040799334,6.0,2.0,4.0,C
96,0.0999167360532889,0.0749375520399667,11.0,4.0,5.0,B
97,0.1498751040799334,0.1248959200666111,6.0,6.0,3.0,B
98,0.1498751040799334,0.1498751040799334,3.0,6.0,5.0,A
99,0.0249791840133222,0.0249791840133222,13.0,1.0,4.0,B
100,0.0411805078929306,0.0,0.0,1.0,2.0,B
101,0.0411805078929306,0.2882635552505147,0.0,1.0,3.0,A
102,0.0,0.123541523678792,1.0,0.0,3.0,C
103,0.0411805078929306,0.123541523678792,1.0,1.0,2.0,C
104,0.0,0.0411805078929306,1.0,0.0,4.0,B
105,0.0,0.0411805078929306,6.0,0.0,1.0,C
106,0.2882635552505147,0.0411805078929306,6.0,7.0,0.0,A
107,0.123541523678792,0.0,6.0,3.0,0.0,B
108,0.123541523678792,0.0411805078929306,7.0,3.0,1.0,C
109,0.0411805078929306,0.0,10.0,1.0,1.0,C
110,0.1332593003886729,0.0666296501943364,1.0,4.0,3.0,C
111,0.0666296501943364,0.0666296501943364,4.0,2.0,4.0,C
112,0.0333148250971682,0.3664630760688506,3.0,1.0,6.0,A
113,0.0333148250971682,0.1665741254858412,4.0,1.0,4.0,C
114,0.0333148250971682,0.0,2.0,1.0,3.0,C
115,0.0666296501943364,0.1332593003886729,10.0,2.0,0.0,A
116,0.0666296501943364,0.0666296501943364,5.0,2.0,3.0,C
117,0.3664630760688506,0.0333148250971682,1.0,11.0,3.0,A
118,0.1665741254858412,0.0333148250971682,6.0,5.0,0.0,C
119,0.0,0.0333148250971682,10.0,0.0,3.0,C
120,0.0594059405940594,0.1188118811881188,3.0,2.0,4.0,C
121,0.1188118811881188,0.1188118811881188,3.0,4.0,3.0,C
122,0.0,0.1188118811881188,5.0,0.0,4.0,C
123,0.0594059405940594,0.0891089108910891,4.0,2.0,2.0,C
124,0.0,0.0891089108910891,4.0,0.0,5.0,C
125,0.1188118811881188,0.0594059405940594,8.0,4.0,1.0,C
126,0.1188118811881188,0.1188118811881188,10.0,4.0,3.0,C
127,0.1188118811881188,0.0,5.0,4.0,2.0,C
128,0.0891089108910891,0.0594059405940594,13.0,3.0,2.0,B
129,0.0891089108910891,0.0,14.0,3.0,0.0,A
130,0.0728744939271255,0.097165991902834,0.0,3.0,2.0,B
131,0.0242914979757085,0.048582995951417,3.0,1.0,2.0,C
132,0.0728744939271255,0.0242914979757085,2.0,3.0,3.0,C
133,0.0728744939271255,0.2186234817813765,3.0,3.0,3.0,B
134,0.0,0.0,6.0,0.0,6.0,A
135,0.097165991902834,0.0728744939271255,3.0,4.0,5.0,B
136,0.048582995951417,0.0242914979757085,12.0,2.0,3.0,C
137,0.0242914979757085,0.0728744939271255,14.0,1.0,0.0,A
138,0.2186234817813765,0.0728744939271255,4.0,9.0,0.0,A
139,0.0,0.0,14.0,0.0,2.0,A
140,0.0630749014454665,0.0473061760840998,10.0,4.0,4.0,A
141,0.0788436268068331,0.0157687253613666,10.0,5.0,3.0,A
142,0.0630749014454665,0.0788436268068331,5.0,4.0,2.0,A
143,0.1103810775295663,0.1103810775295663,9.0,7.0,3.0,A
144,0.0157687253613666,0.0,12.0,1.0,4.0,B
145,0.0473061760840998,0.0630749014454665,9.0,3.0,8.0,A
146,0.0157687253613666,0.0788436268068331,9.0,1.0,6.0,B
147,0.0788436268068331,0.0630749014454665,4.0,5.0,1.0,A
148,0.1103810775295663,0.1103810775295663,5.0,7.0,1.0,A
149,0.0,0.0157687253613666,13.0,0.0,5.0,A
150,0.1219512195121951,0.0,8.0,3.0,1.0,B
151,0.1219512195121951,0.0,5.0,3.0,1.0,C
152,0.08130081300813,0.040650406504065,6.0,2.0,1.0,C
153,0.2032520325203252,0.08130081300813,7.0,5.0,0.0,A
154,0.0,0.040650406504065,9.0,0.0,2.0,C
155,0.0,0.1219512195121951,2.0,0.0,3.0,C
156,0.0,0.1219512195121951,4.0,0.0,3.0,C
157,0.040650406504065,0.08130081300813,3.0,1.0,3.0,C
158,0.08130081300813,0.2032520325203252,1.0,2.0,2.0,B
159,0.040650406504065,0.0,2.0,1.0,2.0,C
160,0.2311643835616438,0.1284246575342466,2.0,9.0,6.0,A
161,0.0513698630136986,0.0770547945205479,7.0,2.0,5.0,C
162,0.0513698630136986,0.1027397260273972,3.0,2.0,2.0,C
163,0.0770547945205479,0.2054794520547945,2.0,3.0,4.0,B
164,0.0256849315068493,0.0,3.0,1.0,3.0,C
165,0.1284246575342466,0.2311643835616438,5.0,5.0,7.0,A
166,0.0770547945205479,0.0513698630136986,9.0,3.0,2.0,C
167,0.1027397260273972,0.0513698630136986,3.0,4.0,2.0,C
168,0.2054794520547945,0.0770547945205479,4.0,8.0,2.0,A
169,0.0,0.0256849315068493,9.0,0.0,4.0,C
170,0.0352319436288901,0.1056958308866705,0.0,1.0,1.0,B
171,0.0,0.1056958308866705,1.0,0.0,3.0,C
172,0.0,0.1056958308866705,1.0,0.0,5.0,B
173,0.0,0.1761597181444509,0.0,0.0,3.0,B
174,0.0,0.0352319436288901,0.0,0.0,3.0,B
175,0.1056958308866705,0.0352319436288901,6.0,3.0,1.0,C
176,0.1056958308866705,0.0,9.0,3.0,0.0,C
177,0.1056958308866705,0.0,4.0,3.0,0.0,C
178,0.1761597181444509,0.0,6.0,5.0,1.0,B
179,0.0352319436288901,0.0,9.0,1.0,0.0,B
180,0.2577873254564983,0.0644468313641245,5.0,8.0,3.0,A
181,0.1611170784103114,0.0,11.0,5.0,2.0,B
182,0.1933404940923737,0.225563909774436,5.0,6.0,3.0,A
183,0.2577873254564983,0.0322234156820622,10.0,8.0,1.0,A
184,0.0,0.0322234156820622,22.0,0.0,2.0,A
185,0.0644468313641245,0.2577873254564983,1.0,2.0,6.0,A
186,0.0,0.1611170784103114,4.0,0.0,7.0,A
187,0.225563909774436,0.1933404940923737,3.0,7.0,1.0,A
188,0.0322234156820622,0.2577873254564983,5.0,1.0,5.0,A
189,0.0322234156820622,0.0,7.0,1.0,8.0,A
190,0.130647795318454,0.0326619488296135,3.0,4.0,1.0,C
191,0.0326619488296135,0.065323897659227,7.0,1.0,1.0,C
192,0.130647795318454,0.0,6.0,4.0,1.0,C
193,0.1633097441480675,0.0979858464888405,9.0,5.0,1.0,C
194,0.0326619488296135,0.065323897659227,9.0,1.0,4.0,C
195,0.0326619488296135,0.130647795318454,2.0,1.0,0.0,B
196,0.065323897659227,0.0326619488296135,5.0,2.0,3.0,C
197,0.0,0.130647795318454,4.0,0.0,5.0,C
198,0.0979858464888405,0.1633097441480675,4.0,3.0,3.0,C
199,0.065323897659227,0.0326619488296135,6.0,2.0,4.0,C
200,0.0507399577167019,0.0761099365750528,7.0,2.0,2.0,C
201,0.1268498942917547,0.0253699788583509,6.0,5.0,3.0,C
202,0.0761099365750528,0.0507399577167019,3.0,3.0,3.0,C
203,0.0761099365750528,0.0761099365750528,5.0,3.0,2.0,C
204,0.0,0.0253699788583509,11.0,0.0,0.0,A
205,0.0761099365750528,0.0507399577167019,2.0,3.0,3.0,C
206,0.0253699788583509,0.1268498942917547,6.0,1.0,2.0,C
207,0.0507399577167019,0.0761099365750528,4.0,2.0,2.0,C
208,0.0761099365750528,0.0761099365750528,4.0,3.0,3.0,C
209,0.0253699788583509,0.0,7.0,1.0,3.0,C
210,0.0354609929078014,0.1063829787234042,4.0,1.0,3.0,C
211,0.1063829787234042,0.1418439716312056,3.0,3.0,3.0,C
212,0.0,0.2127659574468085,0.0,0.0,3.0,A
213,0.0709219858156028,0.0709219858156028,2.0,2.0,2.0,C
214,0.0,0.0709219858156028,5.0,0.0,6.0,B
215,0.1063829787234042,0.0354609929078014,6.0,3.0,2.0,C
216,0.1418439716312056,0.1063829787234042,9.0,4.0,1.0,C
217,0.2127659574468085,0.0,5.0,6.0,0.0,A
218,0.0709219858156028,0.0709219858156028,9.0,2.0,3.0,C
219,0.0709219858156028,0.0,14.0,2.0,1.0,A
220,0.0585651537335285,0.0585651537335285,8.0,2.0,2.0,C
221,0.1756954612005856,0.0878477306002928,5.0,6.0,1.0,C
222,0.0878477306002928,0.0585651537335285,6.0,3.0,2.0,C
223,0.1464128843338213,0.0585651537335285,7.0,5.0,2.0,C
224,0.0292825768667642,0.0,9.0,1.0,2.0,C
225,0.0585651537335285,0.0585651537335285,4.0,2.0,3.0,C
226,0.0878477306002928,0.1756954612005856,2.0,3.0,3.0,C
227,0.0585651537335285,0.0878477306002928,3.0,2.0,4.0,C
228,0.0585651537335285,0.1464128843338213,4.0,2.0,4.0,C
229,0.0,0.0292825768667642,6.0,0.0,3.0,C
230,0.0246507806080525,0.0986031224322103,6.0,1.0,5.0,C
231,0.1479046836483155,0.0493015612161051,2.0,6.0,2.0,A
232,0.0493015612161051,0.1479046836483155,4.0,2.0,2.0,C
233,0.0493015612161051,0.1232539030402629,5.0,2.0,3.0,C
234,0.0246507806080525,0.0246507806080525,6.0,1.0,6.0,B
235,0.0986031224322103,0.0246507806080525,4.0,4.0,3.0,C
236,0.0493015612161051,0.1479046836483155,11.0,2.0,2.0,B
237,0.1479046836483155,0.0493015612161051,5.0,6.0,4.0,B
238,0.1232539030402629,0.0493015612161051,7.0,5.0,1.0,B
239,0.0246507806080525,0.0246507806080525,7.0,1.0,2.0,C
240,0.0,0.0329308452250274,1.0,0.0,2.0,C
241,0.0,0.1317233809001097,1.0,0.0,4.0,C
242,0.0329308452250274,0.0987925356750823,1.0,1.0,1.0,C
243,0.0329308452250274,0.1317233809001097,0.0,1.0,3.0,C
244,0.0,0.0329308452250274,1.0,0.0,3.0,C
245,0.0329308452250274,0.0,6.0,1.0,1.0,C
246,0.1317233809001097,0.0,4.0,4.0,1.0,C
247,0.0987925356750823,0.0329308452250274,3.0,3.0,0.0,C
248,0.1317233809001097,0.0329308452250274,6.0,4.0,0.0,C
249,0.0329308452250274,0.0,9.0,1.0,0.0,B
250,0.1792114695340501,0.07168458781362,5.0,5.0,4.0,B
251,0.1075268817204301,0.1075268817204301,7.0,3.0,0.0,B
252,0.03584229390681,0.0,8.0,1.0,1.0,C
253,0.2150537634408602,0.0,4.0,6.0,0.0,A
254,0.0,0.0,10.0,0.0,0.0,B
255,0.07168458781362,0.1792114695340501,2.0,2.0,4.0,C
256,0.1075268817204301,0.1075268817204301,2.0,3.0,1.0,C
257,0.0,0.03584229390681,0.0,0.0,3.0,B
258,0.0,0.2150537634408602,0.0,0.0,1.0,A
259,0.0,0.0,0.0,0.0,6.0,A
260,0.0381436745073108,0.0381436745073108,0.0,1.0,2.0,C
261,0.0762873490146217,0.0381436745073108,7.0,2.0,0.0,C
262,0.0762873490146217,0.0,3.0,2.0,0.0,C
263,0.1907183725365543,0.0,4.0,5.0,0.0,A
264,0.0381436745073108,0.0381436745073108,7.0,1.0,1.0,C
265,0.0381436745073108,0.0381436745073108,1.0,1.0,2.0,C
266,0.0381436745073108,0.0762873490146217,1.0,1.0,2.0,C
267,0.0,0.0762873490146217,1.0,0.0,3.0,C
268,0.0,0.1907183725365543,1.0,0.0,3.0,B
269,0.0381436745073108,0.0381436745073108,1.0,1.0,1.0,C
270,0.024,0.192,11.0,1.0,4.0,A
271,0.024,0.096,10.0,1.0,6.0,B
272,0.048,0.168,6.0,2.0,5.0,C
273,0.24,0.072,6.0,10.0,3.0,A
274,0.048,0.072,10.0,2.0,7.0,A
275,0.192,0.024,9.0,8.0,4.0,A
276,0.096,0.024,10.0,4.0,4.0,B
277,0.168,0.048,10.0,7.0,3.0,A
278,0.072,0.24,8.0,3.0,3.0,A
279,0.072,0.048,21.0,3.0,2.0,A
280,0.0604229607250755,0.0906344410876132,8.0,2.0,3.0,C
281,0.0604229607250755,0.0,7.0,2.0,2.0,C
282,0.120845921450151,0.1510574018126888,7.0,4.0,2.0,C
283,0.1510574018126888,0.120845921450151,7.0,5.0,3.0,C
284,0.0302114803625377,0.0604229607250755,10.0,1.0,4.0,C
285,0.0906344410876132,0.0604229607250755,4.0,3.0,3.0,C
286,0.0,0.0604229607250755,7.0,0.0,4.0,C
287,0.1510574018126888,0.120845921450151,3.0,5.0,2.0,C
288,0.120845921450151,0.1510574018126888,5.0,4.0,3.0,C
289,0.0604229607250755,0.0302114803625377,10.0,2.0,3.0,C
290,0.0,0.132061628760088,1.0,0.0,1.0,B
291,0.0440205429200293,0.0,1.0,1.0,2.0,B
292,0.0,0.2641232575201761,1.0,0.0,2.0,A
293,0.0440205429200293,0.1760821716801174,0.0,1.0,4.0,B
294,0.0,0.0,1.0,0.0,4.0,B
295,0.132061628760088,0.0,2.0,3.0,1.0,B
296,0.0,0.0440205429200293,5.0,0.0,0.0,B
297,0.2641232575201761,0.0,2.0,6.0,0.0,A
298,0.1760821716801174,0.0440205429200293,3.0,4.0,1.0,A
299,0.0,0.0,9.0,0.0,0.0,B
300,0.1000555864369093,0.1000555864369093,7.0,3.0,1.0,C
301,0.1000555864369093,0.0667037242912729,6.0,3.0,1.0,C
302,0.1667593107281823,0.0,1.0,5.0,2.0,B
303,0.0667037242912729,0.0333518621456364,4.0,2.0,0.0,C
304,0.0,0.0,8.0,0.0,2.0,C
305,0.1000555864369093,0.1000555864369093,0.0,3.0,2.0,C
306,0.0667037242912729,0.1000555864369093,2.0,2.0,2.0,C
307,0.0,0.1667593107281823,2.0,0.0,3.0,C
308,0.0333518621456364,0.0667037242912729,2.0,1.0,2.0,C
309,0.0,0.0,3.0,0.0,4.0,B
310,0.0361881785283474,0.0723763570566948,14.0,1.0,4.0,A
311,0.0723763570566948,0.1447527141133896,16.0,2.0,0.0,A
312,0.2171290711700844,0.1085645355850422,7.0,6.0,3.0,A
313,0.3618817852834741,0.0,4.0,10.0,0.0,A
314,0.0723763570566948,0.0,9.0,2.0,2.0,C
315,0.0723763570566948,0.0361881785283474,4.0,2.0,5.0,B
316,0.1447527141133896,0.0723763570566948,3.0,4.0,5.0,A
317,0.1085645355850422,0.2171290711700844,2.0,3.0,4.0,B
318,0.0,0.3618817852834741,2.0,0.0,2.0,A
319,0.0,0.0723763570566948,1.0,0.0,5.0,B
320,0.0540784136998648,0.0270392068499324,9.0,2.0,2.0,C
321,0.0540784136998648,0.0,6.0,2.0,1.0,C
322,0.0811176205497972,0.0,5.0,3.0,1.0,C
323,0.2974312753492564,0.1081568273997296,4.0,11.0,0.0,A
324,0.0270392068499324,0.0540784136998648,12.0,1.0,3.0,C
325,0.0270392068499324,0.0540784136998648,6.0,1.0,3.0,C
326,0.0,0.0540784136998648,7.0,0.0,4.0,C
327,0.0,0.0811176205497972,5.0,0.0,3.0,C
328,0.1081568273997296,0.2974312753492564,1.0,4.0,4.0,A
329,0.0540784136998648,0.0270392068499324,2.0,2.0,5.0,B
330,0.0,0.035799522673031,5.0,0.0,2.0,C
331,0.1789976133651551,0.035799522673031,2.0,5.0,1.0,B
332,0.0,0.071599045346062,4.0,0.0,1.0,C
333,0.107398568019093,0.0,5.0,3.0,0.0,C
334,0.107398568019093,0.0,7.0,3.0,0.0,C
335,0.035799522673031,0.0,1.0,1.0,4.0,B
336,0.035799522673031,0.1789976133651551,3.0,1.0,3.0,C
337,0.071599045346062,0.0,0.0,2.0,0.0,B
338,0.0,0.107398568019093,1.0,0.0,1.0,B
339,0.0,0.107398568019093,1.0,0.0,3.0,C
340,0.0908632004038364,0.0302877334679454,1.0,3.0,1.0,C
341,0.0302877334679454,0.0908632004038364,3.0,1.0,2.0,C
342,0.1514386673397274,0.0302877334679454,4.0,5.0,0.0,C
343,0.1514386673397274,0.0,2.0,5.0,1.0,B
344,0.0,0.0,7.0,0.0,1.0,C
345,0.0302877334679454,0.0908632004038364,3.0,1.0,3.0,C
346,0.0908632004038364,0.0302877334679454,2.0,3.0,3.0,C
347,0.0302877334679454,0.1514386673397274,0.0,1.0,3.0,C
348,0.0,0.1514386673397274,3.0,0.0,2.0,C
349,0.0,0.0,3.0,0.0,3.0,C
350,0.0743494423791821,0.1486988847583643,6.0,3.0,1.0,B
351,0.0743494423791821,0.0247831474597273,9.0,3.0,3.0,C
352,0.0,0.0247831474597273,10.0,0.0,3.0,C
353,0.1734820322180917,0.0991325898389095,4.0,7.0,3.0,A
354,0.0,0.0,13.0,0.0,2.0,B
355,0.1486988847583643,0.0743494423791821,5.0,6.0,3.0,B
356,0.0247831474597273,0.0743494423791821,9.0,1.0,2.0,C
357,0.0247831474597273,0.0,6.0,1.0,2.0,C
358,0.0991325898389095,0.1734820322180917,6.0,4.0,2.0,B
359,0.0,0.0,8.0,0.0,4.0,C
360,0.1362397820163487,0.0272479564032697,1.0,5.0,2.0,B
361,0.0,0.0544959128065395,4.0,0.0,1.0,C
362,0.0272479564032697,0.0272479564032697,2.0,1.0,0.0,B
363,0.0272479564032697,0.0544959128065395,3.0,1.0,1.0,C
364,0.0,0.0,4.0,0.0,2.0,C
365,0.0272479564032697,0.1362397820163487,1.0,1.0,3.0,C
366,0.0544959128065395,0.0,3.0,2.0,3.0,C
367,0.0272479564032697,0.0272479564032697,2.0,1.0,0.0,B
368,0.0544959128065395,0.0272479564032697,3.0,2.0,0.0,B
369,0.0,0.0,3.0,0.0,1.0,B
370,0.0878477306002928,0.1317715959004392,10.0,4.0,5.0,B
371,0.0878477306002928,0.0878477306002928,9.0,4.0,8.0,A
372,0.0658857979502196,0.219619326500732,13.0,3.0,2.0,A
373,0.219619326500732,0.109809663250366,7.0,10.0,7.0,A
374,0.0219619326500732,0.0219619326500732,15.0,1.0,4.0,A
375,0.1317715959004392,0.0878477306002928,7.0,6.0,5.0,A
376,0.0878477306002928,0.0878477306002928,12.0,4.0,5.0,B
377,0.219619326500732,0.0658857979502196,4.0,10.0,8.0,A
378,0.109809663250366,0.219619326500732,10.0,5.0,0.0,A
379,0.0219619326500732,0.0219619326500732,12.0,1.0,4.0,B
380,0.1583949313621964,0.1900739176346357,10.0,5.0,1.0,A
381,0.1583949313621964,0.0,8.0,5.0,1.0,C
382,0.1900739176346357,0.0316789862724392,10.0,6.0,4.0,B
383,0.2217529039070749,0.0633579725448785,4.0,7.0,1.0,B
384,0.0633579725448785,0.0316789862724392,10.0,2.0,3.0,C
385,0.1900739176346357,0.1583949313621964,2.0,6.0,4.0,B
386,0.0,0.1583949313621964,8.0,0.0,5.0,B
387,0.0316789862724392,0.1900739176346357,5.0,1.0,5.0,B
388,0.0633579725448785,0.2217529039070749,4.0,2.0,4.0,B
389,0.0316789862724392,0.0633579725448785,6.0,1.0,7.0,A
390,0.0655737704918032,0.1311475409836065,6.0,2.0,4.0,C
391,0.0983606557377049,0.0327868852459016,6.0,3.0,1.0,C
392,0.1639344262295081,0.0655737704918032,0.0,5.0,1.0,B
393,0.2295081967213114,0.1311475409836065,4.0,7.0,1.0,B
394,0.0327868852459016,0.0,11.0,1.0,4.0,B
395,0.1311475409836065,0.0655737704918032,4.0,4.0,5.0,B
396,0.0327868852459016,0.0983606557377049,3.0,1.0,4.0,C
397,0.0655737704918032,0.1639344262295081,5.0,2.0,2.0,C
398,0.1311475409836065,0.2295081967213114,1.0,4.0,4.0,B
399,0.0,0.0327868852459016,7.0,0.0,3.0,C
400,0.0,0.0237154150197628,7.0,0.0,1.0,C
401,0.1185770750988142,0.0711462450592885,8.0,5.0,4.0,B
402,0.308300395256917,0.0237154150197628,5.0,13.0,5.0,A
403,0.0948616600790513,0.1185770750988142,8.0,4.0,2.0,C
404,0.0711462450592885,0.0474308300395256,10.0,3.0,0.0,B
405,0.0237154150197628,0.0,5.0,1.0,4.0,C
406,0.0711462450592885,0.1185770750988142,7.0,3.0,7.0,A
407,0.0237154150197628,0.308300395256917,4.0,1.0,7.0,A
408,0.1185770750988142,0.0948616600790513,1.0,5.0,3.0,B
409,0.0474308300395256,0.0711462450592885,8.0,2.0,4.0,C
410,0.0528401585204755,0.0264200792602377,6.0,2.0,2.0,C
411,0.1056803170409511,0.0528401585204755,5.0,4.0,1.0,C
412,0.23778071334214,0.0528401585204755,4.0,9.0,2.0,A
413,0.1321003963011889,0.0792602377807133,6.0,5.0,1.0,C
414,0.0,0.0264200792602377,9.0,0.0,3.0,C
415,0.0264200792602377,0.0528401585204755,2.0,1.0,2.0,C
416,0.0528401585204755,0.1056803170409511,2.0,2.0,2.0,C
417,0.0528401585204755,0.23778071334214,3.0,2.0,6.0,A
418,0.0792602377807133,0.1321003963011889,3.0,3.0,4.0,C
419,0.0264200792602377,0.0,6.0,1.0,6.0,A
420,0.0559962669155389,0.0839944003733084,3.0,2.0,4.0,C
421,0.0559962669155389,0.1119925338310779,5.0,2.0,5.0,C
422,0.0279981334577694,0.2519832011199253,4.0,1.0,3.0,A
423,0.0839944003733084,0.1399906672888474,5.0,3.0,5.0,C
424,0.0279981334577694,0.0,8.0,1.0,4.0,C
425,0.0839944003733084,0.0559962669155389,8.0,3.0,1.0,C
426,0.1119925338310779,0.0559962669155389,13.0,4.0,2.0,B
427,0.2519832011199253,0.0279981334577694,8.0,9.0,0.0,A
428,0.1399906672888474,0.0839944003733084,13.0,5.0,2.0,B
429,0.0,0.0279981334577694,14.0,0.0,4.0,A
430,0.1274561869357408,0.0318640467339352,5.0,4.0,1.0,C
431,0.0637280934678704,0.0318640467339352,7.0,2.0,1.0,C
432,0.0318640467339352,0.0637280934678704,7.0,1.0,1.0,C
433,0.0955921402018056,0.0318640467339352,5.0,3.0,0.0,C
434,0.0637280934678704,0.0,7.0,2.0,2.0,C
435,0.0318640467339352,0.1274561869357408,2.0,1.0,3.0,C
436,0.0318640467339352,0.0637280934678704,3.0,1.0,3.0,C
437,0.0637280934678704,0.0318640467339352,2.0,2.0,2.0,C
438,0.0318640467339352,0.0955921402018056,1.0,1.0,3.0,C
439,0.0,0.0637280934678704,2.0,0.0,1.0,C
440,0.0674157303370786,0.0,2.0,2.0,1.0,C
441,0.0337078651685393,0.0337078651685393,6.0,1.0,0.0,C
442,0.1348314606741573,0.0674157303370786,6.0,4.0,1.0,C
443,0.1011235955056179,0.0337078651685393,3.0,3.0,2.0,C
444,0.0,0.0,8.0,0.0,0.0,B
445,0.0,0.0674157303370786,1.0,0.0,2.0,C
446,0.0337078651685393,0.0337078651685393,1.0,1.0,2.0,C
447,0.0674157303370786,0.1348314606741573,0.0,2.0,1.0,B
448,0.0337078651685393,0.1011235955056179,2.0,1.0,1.0,C
449,0.0,0.0,1.0,0.0,4.0,B
450,0.064343163538874,0.064343163538874,3.0,2.0,3.0,C
451,0.032171581769437,0.032171581769437,5.0,1.0,2.0,C
452,0.128686327077748,0.1608579088471849,3.0,4.0,4.0,C
453,0.064343163538874,0.225201072386059,6.0,2.0,2.0,B
454,0.0,0.0,6.0,0.0,4.0,C
455,0.064343163538874,0.064343163538874,5.0,2.0,2.0,C
456,0.032171581769437,0.032171581769437,12.0,1.0,2.0,B
457,0.1608579088471849,0.128686327077748,7.0,5.0,2.0,C
458,0.225201072386059,0.064343163538874,5.0,7.0,1.0,B
459,0.0,0.0,11.0,0.0,2.0,B
460,0.1364256480218281,0.0818553888130968,5.0,5.0,2.0,C
461,0.0,0.0545702592087312,15.0,0.0,4.0,A
462,0.1364256480218281,0.0272851296043656,7.0,5.0,1.0,C
463,0.1909959072305593,0.1364256480218281,7.0,7.0,1.0,B
464,0.0272851296043656,0.0,10.0,1.0,4.0,B
465,0.0818553888130968,0.1364256480218281,2.0,3.0,3.0,C
466,0.0545702592087312,0.0,7.0,2.0,4.0,C
467,0.0272851296043656,0.1364256480218281,8.0,1.0,3.0,C
468,0.1364256480218281,0.1909959072305593,1.0,5.0,4.0,B
469,0.0,0.0272851296043656,7.0,0.0,4.0,C
470,0.0328227571115973,0.0328227571115973,0.0,1.0,2.0,C
471,0.0328227571115973,0.0328227571115973,2.0,1.0,1.0,C
472,0.0,0.1312910284463895,1.0,0.0,3.0,C
473,0.0,0.0984682713347921,1.0,0.0,2.0,C
474,0.0328227571115973,0.0,0.0,1.0,1.0,B
475,0.0328227571115973,0.0328227571115973,3.0,1.0,0.0,B
476,0.0328227571115973,0.0328227571115973,5.0,1.0,0.0,C
477,0.1312910284463895,0.0,0.0,4.0,1.0,B
478,0.0984682713347921,0.0,0.0,3.0,1.0,B
479,0.0,0.0328227571115973,3.0,0.0,1.0,C
480,0.093603744149766,0.1404056162246489,5.0,4.0,5.0,C
481,0.1170046801872074,0.046801872074883,10.0,5.0,5.0,B
482,0.1170046801872074,0.0702028081123244,8.0,5.0,5.0,B
483,0.0702028081123244,0.2574102964118565,9.0,3.0,2.0,A
484,0.0234009360374415,0.0234009360374415,13.0,1.0,6.0,A
485,0.1404056162246489,0.093603744149766,7.0,6.0,4.0,B
486,0.046801872074883,0.1170046801872074,11.0,2.0,1.0,B
487,0.0702028081123244,0.1170046801872074,10.0,3.0,2.0,C
488,0.2574102964118565,0.0702028081123244,8.0,11.0,5.0,A
489,0.0234009360374415,0.0234009360374415,12.0,1.0,6.0,A
490,0.1791808873720136,0.0511945392491467,11.0,7.0,6.0,A
491,0.1535836177474402,0.1023890784982935,7.0,6.0,1.0,B
492,0.1023890784982935,0.0767918088737201,10.0,4.0,0.0,B
493,0.0767918088737201,0.0767918088737201,8.0,3.0,3.0,C
494,0.0767918088737201,0.0,17.0,3.0,2.0,A
495,0.0511945392491467,0.1791808873720136,7.0,2.0,6.0,B
496,0.1023890784982935,0.1535836177474402,5.0,4.0,2.0,C
497,0.0767918088737201,0.1023890784982935,5.0,3.0,3.0,C
498,0.0767918088737201,0.0767918088737201,3.0,3.0,5.0,C
499,0.0,0.0767918088737201,10.0,0.0,7.0,A
500,0.0,0.1184015786877158,5.0,0.0,4.0,C
501,0.1184015786877158,0.0592007893438579,3.0,4.0,4.0,C
502,0.0296003946719289,0.1776023680315737,3.0,1.0,1.0,B
503,0.1184015786877158,0.0888011840157868,3.0,4.0,4.0,C
504,0.0592007893438579,0.0592007893438579,5.0,2.0,4.0,C
505,0.1184015786877158,0.0,7.0,4.0,2.0,C
506,0.0592007893438579,0.1184015786877158,3.0,2.0,3.0,C
507,0.1776023680315737,0.0296003946719289,7.0,6.0,1.0,C
508,0.0888011840157868,0.1184015786877158,5.0,3.0,2.0,C
509,0.0592007893438579,0.0592007893438579,8.0,2.0,3.0,C
510,0.108695652173913,0.072463768115942,3.0,3.0,1.0,C
511,0.0,0.072463768115942,4.0,0.0,3.0,C
512,0.072463768115942,0.108695652173913,1.0,2.0,1.0,C
513,0.036231884057971,0.036231884057971,0.0,1.0,2.0,C
514,0.0,0.036231884057971,4.0,0.0,2.0,C
515,0.072463768115942,0.108695652173913,6.0,2.0,1.0,C
516,0.072463768115942,0.0,3.0,2.0,2.0,C
517,0.108695652173913,0.072463768115942,5.0,3.0,1.0,C
518,0.036231884057971,0.036231884057971,4.0,1.0,1.0,C
519,0.036231884057971,0.0,6.0,1.0,1.0,C
520,0.1006711409395973,0.1006711409395973,1.0,3.0,5.0,B
521,0.1006711409395973,0.0671140939597315,1.0,3.0,2.0,C
522,0.0335570469798657,0.1006711409395973,2.0,1.0,3.0,C
523,0.0,0.2684563758389262,4.0,0.0,2.0,A
524,0.0,0.0,2.0,0.0,4.0,B
525,0.1006711409395973,0.1006711409395973,3.0,3.0,3.0,C
526,0.0671140939597315,0.1006711409395973,7.0,2.0,1.0,C
527,0.1006711409395973,0.0335570469798657,9.0,3.0,1.0,C
528,0.2684563758389262,0.0,2.0,8.0,1.0,A
529,0.0,0.0,7.0,0.0,1.0,C
530,0.1275690999291283,0.1063075832742735,3.0,6.0,1.0,A
531,0.0850460666194188,0.0212615166548547,9.0,4.0,5.0,B
532,0.0637845499645641,0.1063075832742735,7.0,3.0,6.0,B
533,0.0637845499645641,0.1063075832742735,12.0,3.0,3.0,B
534,0.0425230333097094,0.0637845499645641,10.0,2.0,4.0,C
535,0.1063075832742735,0.1275690999291283,4.0,5.0,4.0,A
536,0.0212615166548547,0.0850460666194188,12.0,1.0,6.0,A
537,0.1063075832742735,0.0637845499645641,2.0,5.0,2.0,A
538,0.1063075832742735,0.0637845499645641,8.0,5.0,4.0,B
539,0.0637845499645641,0.0425230333097094,11.0,3.0,2.0,B
540,0.1046207497820401,0.1307759372275501,4.0,4.0,3.0,C
541,0.07846556233653,0.07846556233653,5.0,3.0,4.0,C
542,0.07846556233653,0.1046207497820401,6.0,3.0,2.0,C
543,0.02615518744551,0.1830863121185701,6.0,1.0,6.0,B
544,0.05231037489102,0.07846556233653,4.0,2.0,7.0,A
545,0.1307759372275501,0.1046207497820401,7.0,5.0,3.0,C
546,0.07846556233653,0.07846556233653,10.0,3.0,3.0,C
547,0.1046207497820401,0.07846556233653,9.0,4.0,1.0,C
548,0.1830863121185701,0.02615518744551,10.0,7.0,2.0,B
549,0.07846556233653,0.05231037489102,15.0,3.0,4.0,A
550,0.1427438540840603,0.1665344964314036,9.0,6.0,3.0,A
551,0.0951625693893735,0.0951625693893735,11.0,4.0,4.0,C
552,0.1665344964314036,0.0237906423473433,8.0,7.0,4.0,A
553,0.0951625693893735,0.1427438540840603,12.0,4.0,3.0,B
554,0.0237906423473433,0.0237906423473433,15.0,1.0,5.0,A
555,0.1665344964314036,0.1427438540840603,2.0,7.0,2.0,A
556,0.0951625693893735,0.0951625693893735,11.0,4.0,6.0,A
557,0.0237906423473433,0.1665344964314036,10.0,1.0,6.0,B
558,0.1427438540840603,0.0951625693893735,7.0,6.0,4.0,B
559,0.0237906423473433,0.0237906423473433,14.0,1.0,4.0,A
560,0.0860009555661729,0.0286669851887243,6.0,3.0,3.0,C
561,0.1146679407548972,0.0860009555661729,6.0,4.0,3.0,C
562,0.1433349259436216,0.0573339703774486,9.0,5.0,0.0,B
563,0.1720019111323459,0.0860009555661729,5.0,6.0,1.0,C
564,0.0,0.0573339703774486,6.0,0.0,4.0,C
565,0.0286669851887243,0.0860009555661729,5.0,1.0,4.0,C
566,0.0860009555661729,0.1146679407548972,8.0,3.0,3.0,C
567,0.0573339703774486,0.1433349259436216,7.0,2.0,6.0,B
568,0.0860009555661729,0.1720019111323459,5.0,3.0,3.0,C
569,0.0573339703774486,0.0,6.0,2.0,2.0,C
570,0.1023017902813299,0.1534526854219949,6.0,4.0,5.0,C
571,0.0511508951406649,0.0511508951406649,7.0,2.0,4.0,C
572,0.0767263427109974,0.1278772378516624,4.0,3.0,5.0,C
573,0.0767263427109974,0.1790281329923273,5.0,3.0,3.0,C
574,0.0,0.0511508951406649,6.0,0.0,5.0,C
575,0.1534526854219949,0.1023017902813299,6.0,6.0,2.0,B
576,0.0511508951406649,0.0511508951406649,9.0,2.0,2.0,C
577,0.1278772378516624,0.0767263427109974,10.0,5.0,1.0,B
578,0.1790281329923273,0.0767263427109974,8.0,7.0,2.0,B
579,0.0511508951406649,0.0,10.0,2.0,5.0,B
580,0.1849405548216644,0.0792602377807133,4.0,7.0,2.0,B
581,0.0264200792602377,0.0,12.0,1.0,3.0,B
582,0.0792602377807133,0.0528401585204755,8.0,3.0,0.0,B
583,0.1321003963011889,0.0528401585204755,5.0,5.0,2.0,C
584,0.0,0.0528401585204755,11.0,0.0,2.0,B
585,0.0792602377807133,0.1849405548216644,3.0,3.0,4.0,C
586,0.0,0.0264200792602377,6.0,0.0,4.0,C
587,0.0528401585204755,0.0792602377807133,5.0,2.0,4.0,C
588,0.0528401585204755,0.1321003963011889,5.0,2.0,2.0,C
589,0.0528401585204755,0.0,4.0,2.0,2.0,C
590,0.2031144211238998,0.2031144211238998,9.0,5.0,4.0,A
591,0.0812457684495599,0.1624915368991198,8.0,2.0,5.0,B
592,0.2437373053486797,0.0406228842247799,10.0,6.0,0.0,A
593,0.4468517264725795,0.0,6.0,11.0,3.0,A
594,0.0812457684495599,0.1218686526743398,21.0,2.0,1.0,A
595,0.2031144211238998,0.2031144211238998,2.0,5.0,4.0,A
596,0.1624915368991198,0.0812457684495599,4.0,4.0,6.0,A
597,0.0406228842247799,0.2437373053486797,1.0,1.0,5.0,A
598,0.0,0.4468517264725795,4.0,0.0,7.0,A
599,0.1218686526743398,0.0812457684495599,5.0,3.0,4.0,B
600,0.0825309491059147,0.0275103163686382,7.0,3.0,1.0,C
601,0.0825309491059147,0.0825309491059147,8.0,3.0,3.0,C
602,0.1100412654745529,0.0825309491059147,8.0,4.0,1.0,C
603,0.1375515818431912,0.0,8.0,5.0,0.0,B
604,0.0,0.0,13.0,0.0,2.0,B
605,0.0275103163686382,0.0825309491059147,3.0,1.0,4.0,C
606,0.0825309491059147,0.0825309491059147,2.0,3.0,1.0,C
607,0.0825309491059147,0.1100412654745529,2.0,3.0,2.0,C
608,0.0,0.1375515818431912,5.0,0.0,2.0,C
609,0.0,0.0,2.0,0.0,6.0,A
610,0.0,0.267515923566879,0.0,0.0,6.0,A
611,0.0382165605095541,0.0382165605095541,1.0,1.0,2.0,C
612,0.0,0.267515923566879,1.0,0.0,3.0,A
613,0.0,0.0382165605095541,2.0,0.0,3.0,C
614,0.0382165605095541,0.0,1.0,1.0,2.0,B
615,0.267515923566879,0.0,1.0,7.0,0.0,A
616,0.0382165605095541,0.0382165605095541,6.0,1.0,0.0,C
617,0.267515923566879,0.0,1.0,7.0,0.0,A
618,0.0382165605095541,0.0,7.0,1.0,0.0,C
619,0.0,0.0382165605095541,5.0,0.0,2.0,C
620,0.0,0.0671391271913465,2.0,0.0,2.0,C
621,0.0223797090637821,0.0,3.0,1.0,1.0,B
622,0.0,0.134278254382693,3.0,0.0,5.0,C
623,0.0895188362551286,0.1118985453189108,0.0,4.0,1.0,A
624,0.0,0.0447594181275643,4.0,0.0,7.0,A
625,0.0671391271913465,0.0,7.0,3.0,1.0,B
626,0.0,0.0223797090637821,11.0,0.0,2.0,B
627,0.134278254382693,0.0,6.0,6.0,0.0,A
628,0.1118985453189108,0.0895188362551286,6.0,5.0,0.0,A
629,0.0447594181275643,0.0,9.0,2.0,2.0,C
630,0.0690184049079754,0.0460122699386503,2.0,3.0,7.0,A
631,0.0690184049079754,0.0920245398773006,3.0,3.0,6.0,B
632,0.0,0.0690184049079754,3.0,0.0,1.0,C
633,0.0230061349693251,0.1840490797546012,5.0,1.0,3.0,C
634,0.0230061349693251,0.0460122699386503,4.0,1.0,2.0,C
635,0.0460122699386503,0.0690184049079754,13.0,2.0,3.0,B
636,0.0920245398773006,0.0690184049079754,10.0,4.0,3.0,C
637,0.0690184049079754,0.0,9.0,3.0,2.0,C
638,0.1840490797546012,0.0230061349693251,3.0,8.0,0.0,A
639,0.0460122699386503,0.0230061349693251,14.0,2.0,0.0,A
640,0.0,0.0326619488296135,3.0,0.0,3.0,C
641,0.0979858464888405,0.065323897659227,4.0,3.0,3.0,C
642,0.0326619488296135,0.195971692977681,3.0,1.0,2.0,B
643,0.0979858464888405,0.1633097441480675,3.0,3.0,3.0,C
644,0.0979858464888405,0.0,6.0,3.0,3.0,C
645,0.0326619488296135,0.0,3.0,1.0,0.0,B
646,0.065323897659227,0.0979858464888405,7.0,2.0,3.0,C
647,0.195971692977681,0.0326619488296135,4.0,6.0,2.0,C
648,0.1633097441480675,0.0979858464888405,3.0,5.0,0.0,B
649,0.0,0.0979858464888405,9.0,0.0,5.0,B
650,0.1273885350318471,0.0,2.0,3.0,0.0,B
651,0.2972399150743099,0.0849256900212314,6.0,7.0,1.0,A
652,0.2123142250530785,0.0,3.0,5.0,1.0,A
653,0.1698513800424628,0.0,5.0,4.0,0.0,A
654,0.0,0.0,9.0,0.0,0.0,B
655,0.0,0.1273885350318471,1.0,0.0,4.0,C
656,0.0849256900212314,0.2972399150743099,0.0,2.0,5.0,A
657,0.0,0.2123142250530785,2.0,0.0,2.0,A
658,0.0,0.1698513800424628,0.0,0.0,2.0,B
659,0.0,0.0,0.0,0.0,6.0,A
660,0.0,0.0698080279232111,5.0,0.0,4.0,C
661,0.0,0.1745200698080279,5.0,0.0,5.0,B
662,0.1396160558464223,0.1047120418848167,2.0,4.0,3.0,C
663,0.0349040139616055,0.2094240837696335,2.0,1.0,2.0,B
664,0.0349040139616055,0.1396160558464223,2.0,1.0,6.0,B
665,0.0698080279232111,0.0,11.0,2.0,2.0,C
666,0.1745200698080279,0.0,6.0,5.0,1.0,C
667,0.1047120418848167,0.1396160558464223,9.0,3.0,1.0,B
668,0.2094240837696335,0.0349040139616055,7.0,6.0,1.0,B
669,0.1396160558464223,0.0349040139616055,10.0,4.0,1.0,C
670,0.0702165008777062,0.0351082504388531,1.0,2.0,4.0,B
671,0.0351082504388531,0.0702165008777062,4.0,1.0,2.0,C
672,0.0351082504388531,0.2457577530719719,2.0,1.0,3.0,A
673,0.0,0.1053247513165593,4.0,0.0,1.0,C
674,0.0351082504388531,0.0,2.0,1.0,3.0,C
675,0.0351082504388531,0.0702165008777062,10.0,1.0,1.0,C
676,0.0702165008777062,0.0351082504388531,8.0,2.0,0.0,C
677,0.2457577530719719,0.0351082504388531,3.0,7.0,2.0,A
678,0.1053247513165593,0.0,5.0,3.0,0.0,C
679,0.0,0.0351082504388531,8.0,0.0,2.0,C
680,0.0,0.1864512119328775,4.0,0.0,4.0,C
681,0.149160969546302,0.0,4.0,4.0,4.0,A
682,0.149160969546302,0.2610316967060286,1.0,4.0,3.0,A
683,0.0,0.1864512119328775,2.0,0.0,2.0,B
684,0.0372902423865755,0.0,6.0,1.0,4.0,C
685,0.1864512119328775,0.0,4.0,5.0,2.0,B
686,0.0,0.149160969546302,5.0,0.0,2.0,C
687,0.2610316967060286,0.149160969546302,3.0,7.0,2.0,A
688,0.1864512119328775,0.0,1.0,5.0,0.0,A
689,0.0,0.0372902423865755,12.0,0.0,3.0,B
690,0.2042801556420233,0.0,7.0,7.0,1.0,B
691,0.2334630350194552,0.0291828793774319,5.0,8.0,2.0,A
692,0.0583657587548638,0.0,4.0,2.0,1.0,C
693,0.0875486381322957,0.2334630350194552,12.0,3.0,3.0,A
694,0.0,0.0,14.0,0.0,2.0,A
695,0.0,0.2042801556420233,6.0,0.0,2.0,A
696,0.0291828793774319,0.2334630350194552,4.0,1.0,5.0,B
697,0.0,0.0583657587548638,6.0,0.0,5.0,C
698,0.2334630350194552,0.0875486381322957,1.0,8.0,5.0,A
699,0.0,0.0,9.0,0.0,3.0,C
700,0.0301659125188536,0.090497737556561,8.0,1.0,5.0,C
701,0.1508295625942685,0.090497737556561,9.0,5.0,3.0,C
702,0.2413273001508295,0.090497737556561,3.0,8.0,2.0,B
703,0.1508295625942685,0.1206636500754147,8.0,5.0,2.0,C
704,0.0301659125188536,0.0,14.0,1.0,1.0,A
705,0.090497737556561,0.0301659125188536,3.0,3.0,4.0,C
706,0.090497737556561,0.1508295625942685,5.0,3.0,4.0,C
707,0.090497737556561,0.2413273001508295,2.0,3.0,5.0,B
708,0.1206636500754147,0.1508295625942685,2.0,4.0,3.0,C
709,0.0,0.0301659125188536,4.0,0.0,4.0,C
710,0.1257861635220125,0.0,10.0,3.0,1.0,B
711,0.2935010482180293,0.0,5.0,7.0,1.0,A
712,0.0838574423480083,0.0,6.0,2.0,0.0,C
713,0.2935010482180293,0.0838574423480083,10.0,7.0,1.0,A
714,0.0419287211740041,0.0419287211740041,17.0,1.0,0.0,A
715,0.0,0.1257861635220125,1.0,0.0,3.0,C
716,0.0,0.2935010482180293,3.0,0.0,4.0,A
717,0.0,0.0838574423480083,3.0,0.0,4.0,C
718,0.0838574423480083,0.2935010482180293,1.0,2.0,4.0,A
719,0.0419287211740041,0.0419287211740041,1.0,1.0,5.0,B
720,0.0256849315068493,0.0513698630136986,2.0,1.0,3.0,C
721,0.0513698630136986,0.0513698630136986,11.0,2.0,3.0,C
722,0.2311643835616438,0.0770547945205479,5.0,9.0,2.0,A
723,0.0513698630136986,0.1541095890410959,7.0,2.0,3.0,C
724,0.0513698630136986,0.0,10.0,2.0,2.0,C
725,0.0513698630136986,0.0256849315068493,7.0,2.0,1.0,C
726,0.0513698630136986,0.0513698630136986,7.0,2.0,4.0,C
727,0.0770547945205479,0.2311643835616438,6.0,3.0,7.0,A
728,0.1541095890410959,0.0513698630136986,3.0,6.0,2.0,B
729,0.0,0.0513698630136986,10.0,0.0,2.0,C
730,0.0,0.0,9.0,0.0,2.0,C
731,0.2693602693602693,0.101010101010101,4.0,8.0,0.0,A
732,0.0336700336700336,0.0673400673400673,5.0,1.0,1.0,C
733,0.1683501683501683,0.0,4.0,5.0,1.0,C
734,0.0,0.0,12.0,0.0,1.0,B
735,0.0,0.0,3.0,0.0,2.0,C
736,0.101010101010101,0.2693602693602693,0.0,3.0,3.0,A
737,0.0673400673400673,0.0336700336700336,1.0,2.0,3.0,C
738,0.0,0.1683501683501683,1.0,0.0,4.0,B
739,0.0,0.0,2.0,0.0,2.0,B
740,0.2926829268292683,0.0,2.0,7.0,0.0,A
741,0.0836236933797909,0.0,9.0,2.0,1.0,C
742,0.1672473867595818,0.0,7.0,4.0,0.0,A
743,0.2926829268292683,0.0418118466898954,10.0,7.0,0.0,A
744,0.0418118466898954,0.0,15.0,1.0,0.0,A
745,0.0,0.2926829268292683,1.0,0.0,5.0,A
746,0.0,0.0836236933797909,1.0,0.0,4.0,C
747,0.0,0.1672473867595818,1.0,0.0,5.0,B
748,0.0418118466898954,0.2926829268292683,0.0,1.0,3.0,A
749,0.0,0.0418118466898954,1.0,0.0,4.0,B
750,0.0663716814159292,0.0995575221238938,1.0,2.0,1.0,C
751,0.0,0.0331858407079646,1.0,0.0,2.0,C
752,0.0331858407079646,0.1327433628318584,0.0,1.0,3.0,C
753,0.0,0.0,0.0,0.0,2.0,B
754,0.0,0.0663716814159292,0.0,0.0,2.0,B
755,0.0995575221238938,0.0663716814159292,3.0,3.0,2.0,C
756,0.0331858407079646,0.0,3.0,1.0,1.0,C
757,0.1327433628318584,0.0331858407079646,2.0,4.0,0.0,C
758,0.0,0.0,6.0,0.0,0.0,B
759,0.0663716814159292,0.0,6.0,2.0,0.0,C
760,0.0625978090766823,0.1877934272300469,6.0,2.0,8.0,A
761,0.1564945226917058,0.1251956181533646,4.0,5.0,4.0,C
762,0.1251956181533646,0.2816901408450704,7.0,4.0,6.0,A
763,0.1251956181533646,0.1877934272300469,5.0,4.0,3.0,C
764,0.0,0.0312989045383411,10.0,0.0,5.0,B
765,0.1877934272300469,0.0625978090766823,6.0,6.0,5.0,A
766,0.1251956181533646,0.1564945226917058,8.0,4.0,3.0,C
767,0.2816901408450704,0.1251956181533646,8.0,9.0,0.0,A
768,0.1877934272300469,0.1251956181533646,6.0,6.0,2.0,C
769,0.0312989045383411,0.0,5.0,1.0,5.0,B
770,0.0,0.035799522673031,4.0,0.0,2.0,C
771,0.071599045346062,0.107398568019093,3.0,2.0,3.0,C
772,0.071599045346062,0.071599045346062,1.0,2.0,3.0,C
773,0.107398568019093,0.1789976133651551,3.0,3.0,1.0,B
774,0.071599045346062,0.0,6.0,2.0,2.0,C
775,0.035799522673031,0.0,1.0,1.0,0.0,B
776,0.107398568019093,0.071599045346062,7.0,3.0,2.0,C
777,0.071599045346062,0.071599045346062,7.0,2.0,2.0,C
778,0.1789976133651551,0.107398568019093,2.0,5.0,0.0,B
779,0.0,0.071599045346062,8.0,0.0,5.0,C
780,0.0,0.2562538133007931,0.0,0.0,2.0,A
781,0.036607687614399,0.1464307504575961,1.0,1.0,5.0,B
782,0.036607687614399,0.1464307504575961,0.0,1.0,3.0,C
783,0.0,0.109823062843197,2.0,0.0,5.0,C
784,0.0,0.036607687614399,1.0,0.0,4.0,B
785,0.2562538133007931,0.0,4.0,7.0,0.0,A
786,0.1464307504575961,0.036607687614399,8.0,4.0,1.0,C
787,0.1464307504575961,0.036607687614399,3.0,4.0,1.0,C
788,0.109823062843197,0.0,4.0,3.0,0.0,C
789,0.036607687614399,0.0,13.0,1.0,0.0,A
790,0.0,0.0351082504388531,0.0,0.0,4.0,B
791,0.0,0.3159742539496781,2.0,0.0,6.0,A
792,0.0351082504388531,0.1053247513165593,2.0,1.0,4.0,C
793,0.0702165008777062,0.3159742539496781,0.0,2.0,2.0,A
794,0.0351082504388531,0.0351082504388531,0.0,1.0,7.0,A
795,0.0351082504388531,0.0,12.0,1.0,0.0,A
796,0.3159742539496781,0.0,7.0,9.0,2.0,A
797,0.1053247513165593,0.0351082504388531,12.0,3.0,0.0,B
798,0.3159742539496781,0.0702165008777062,6.0,9.0,0.0,A
799,0.0351082504388531,0.0351082504388531,18.0,1.0,2.0,A
800,0.028169014084507,0.1126760563380281,1.0,1.0,2.0,C
801,0.056338028169014,0.028169014084507,7.0,2.0,2.0,C
802,0.056338028169014,0.028169014084507,5.0,2.0,2.0,C
803,0.1408450704225352,0.1690140845070422,2.0,5.0,2.0,B
804,0.0,0.028169014084507,7.0,0.0,5.0,B
805,0.1126760563380281,0.028169014084507,7.0,4.0,3.0,C
806,0.028169014084507,0.056338028169014,10.0,1.0,1.0,C
807,0.028169014084507,0.056338028169014,5.0,1.0,1.0,C
808,0.1690140845070422,0.1408450704225352,5.0,6.0,0.0,A
809,0.028169014084507,0.0,4.0,1.0,5.0,B
810,0.1438848920863309,0.1644398766700925,12.0,7.0,5.0,A
811,0.0822199383350462,0.1027749229188078,7.0,4.0,4.0,B
812,0.0822199383350462,0.0822199383350462,9.0,4.0,6.0,A
813,0.0822199383350462,0.1644398766700925,12.0,4.0,6.0,A
814,0.1233299075025693,0.0,14.0,6.0,4.0,A
815,0.1644398766700925,0.1438848920863309,10.0,8.0,5.0,A
816,0.1027749229188078,0.0822199383350462,11.0,5.0,4.0,A
817,0.0822199383350462,0.0822199383350462,11.0,4.0,3.0,B
818,0.1644398766700925,0.0822199383350462,13.0,8.0,3.0,A
819,0.0,0.1233299075025693,15.0,0.0,10.0,A
820,0.0,0.2597402597402597,5.0,0.0,4.0,A
821,0.0371057513914656,0.111317254174397,4.0,1.0,5.0,C
822,0.111317254174397,0.1855287569573284,1.0,3.0,3.0,B
823,0.111317254174397,0.111317254174397,1.0,3.0,3.0,C
824,0.0,0.111317254174397,5.0,0.0,6.0,B
825,0.2597402597402597,0.0,11.0,7.0,2.0,A
826,0.111317254174397,0.0371057513914656,15.0,3.0,0.0,A
827,0.1855287569573284,0.111317254174397,12.0,5.0,1.0,A
828,0.111317254174397,0.111317254174397,11.0,3.0,0.0,A
829,0.111317254174397,0.0,12.0,3.0,4.0,A
830,0.1011235955056179,0.0337078651685393,2.0,3.0,3.0,C
831,0.0337078651685393,0.0337078651685393,4.0,1.0,2.0,C
832,0.0674157303370786,0.1685393258426966,1.0,2.0,1.0,B
833,0.1011235955056179,0.1348314606741573,0.0,3.0,5.0,B
834,0.0,0.1348314606741573,4.0,0.0,4.0,C
835,0.0337078651685393,0.1011235955056179,6.0,1.0,4.0,C
836,0.0337078651685393,0.0337078651685393,8.0,1.0,3.0,C
837,0.1685393258426966,0.0674157303370786,2.0,5.0,1.0,C
838,0.1348314606741573,0.1011235955056179,10.0,4.0,1.0,C
839,0.1348314606741573,0.0,10.0,4.0,0.0,B
840,0.120845921450151,0.0906344410876132,4.0,4.0,0.0,C
841,0.1812688821752265,0.0,5.0,6.0,0.0,B
842,0.0906344410876132,0.0302114803625377,10.0,3.0,2.0,C
843,0.1510574018126888,0.0,9.0,5.0,0.0,B
844,0.0,0.0302114803625377,11.0,0.0,3.0,B
845,0.0906344410876132,0.120845921450151,1.0,3.0,3.0,C
846,0.0,0.1812688821752265,4.0,0.0,2.0,B
847,0.0302114803625377,0.0906344410876132,2.0,1.0,4.0,C
848,0.0,0.1510574018126888,4.0,0.0,4.0,C
849,0.0302114803625377,0.0,3.0,1.0,5.0,B
850,0.0308483290488431,0.0,1.0,1.0,0.0,B
851,0.0616966580976863,0.0308483290488431,6.0,2.0,0.0,C
852,0.0616966580976863,0.0,4.0,2.0,0.0,C
853,0.1542416452442159,0.0616966580976863,4.0,5.0,0.0,C
854,0.0308483290488431,0.0,5.0,1.0,3.0,C
855,0.0,0.0308483290488431,0.0,0.0,1.0,B
856,0.0308483290488431,0.0616966580976863,0.0,1.0,3.0,C
857,0.0,0.0616966580976863,1.0,0.0,3.0,C
858,0.0616966580976863,0.1542416452442159,1.0,2.0,1.0,B
859,0.0,0.0308483290488431,3.0,0.0,3.0,C
860,0.0306748466257668,0.0306748466257668,2.0,1.0,4.0,C
861,0.0613496932515337,0.1226993865030674,1.0,2.0,3.0,C
862,0.0306748466257668,0.0920245398773006,2.0,1.0,2.0,C
863,0.0306748466257668,0.0306748466257668,2.0,1.0,1.0,C
864,0.0,0.0306748466257668,2.0,0.0,0.0,B
865,0.0306748466257668,0.0306748466257668,5.0,1.0,1.0,C
866,0.1226993865030674,0.0613496932515337,3.0,4.0,2.0,C
867,0.0920245398773006,0.0306748466257668,5.0,3.0,1.0,C
868,0.0306748466257668,0.0306748466257668,3.0,1.0,1.0,C
869,0.0306748466257668,0.0,3.0,1.0,0.0,B
870,0.0,0.0309597523219814,3.0,0.0,4.0,C
871,0.0309597523219814,0.0619195046439628,1.0,1.0,3.0,C
872,0.0309597523219814,0.1547987616099071,0.0,1.0,2.0,B
873,0.0619195046439628,0.1238390092879257,2.0,2.0,2.0,C
874,0.0,0.0,2.0,0.0,2.0,B
875,0.0309597523219814,0.0,5.0,1.0,1.0,C
876,0.0619195046439628,0.0309597523219814,4.0,2.0,2.0,C
877,0.1547987616099071,0.0309597523219814,6.0,5.0,0.0,C
878,0.1238390092879257,0.0619195046439628,7.0,4.0,1.0,C
879,0.0,0.0,10.0,0.0,0.0,B
880,0.0969305331179321,0.0646203554119547,5.0,3.0,0.0,C
881,0.0323101777059773,0.0646203554119547,10.0,1.0,2.0,C
882,0.1615508885298869,0.0646203554119547,3.0,5.0,0.0,C
883,0.0646203554119547,0.0,8.0,2.0,2.0,C
884,0.0323101777059773,0.0,10.0,1.0,2.0,C
885,0.0646203554119547,0.0969305331179321,0.0,2.0,1.0,C
886,0.0646203554119547,0.0323101777059773,3.0,2.0,2.0,C
887,0.0646203554119547,0.1615508885298869,3.0,2.0,4.0,C
888,0.0,0.0646203554119547,5.0,0.0,3.0,C
889,0.0,0.0323101777059773,6.0,0.0,2.0,C
890,0.0623376623376623,0.1558441558441558,10.0,2.0,6.0,B
891,0.187012987012987,0.1246753246753246,5.0,6.0,4.0,C
892,0.187012987012987,0.0623376623376623,6.0,6.0,0.0,B
893,0.2493506493506493,0.0,5.0,8.0,1.0,A
894,0.0,0.0623376623376623,10.0,0.0,2.0,C
895,0.1558441558441558,0.0623376623376623,5.0,5.0,5.0,B
896,0.1246753246753246,0.187012987012987,3.0,4.0,6.0,B
897,0.0623376623376623,0.187012987012987,6.0,2.0,3.0,C
898,0.0,0.2493506493506493,7.0,0.0,4.0,A
899,0.0623376623376623,0.0,5.0,2.0,4.0,C
900,0.0677966101694915,0.0,3.0,2.0,0.0,C
901,0.135593220338983,0.0,9.0,4.0,1.0,C
902,0.1016949152542373,0.0338983050847457,6.0,3.0,0.0,C
903,0.135593220338983,0.0338983050847457,5.0,4.0,0.0,C
904,0.0,0.0,8.0,0.0,1.0,C
905,0.0,0.0677966101694915,1.0,0.0,4.0,C
906,0.0,0.135593220338983,2.0,0.0,3.0,C
907,0.0338983050847457,0.1016949152542373,1.0,1.0,1.0,C
908,0.0338983050847457,0.135593220338983,1.0,1.0,2.0,C
909,0.0,0.0,1.0,0.0,3.0,B
910,0.2073255010366275,0.0,10.0,5.0,0.0,A
911,0.082930200414651,0.0414651002073255,8.0,2.0,0.0,C
912,0.165860400829302,0.082930200414651,7.0,4.0,3.0,A
913,0.2902557014512785,0.0,1.0,7.0,0.0,A
914,0.0,0.0414651002073255,7.0,0.0,1.0,C
915,0.0,0.2073255010366275,0.0,0.0,5.0,B
916,0.0414651002073255,0.082930200414651,1.0,1.0,2.0,C
917,0.082930200414651,0.165860400829302,1.0,2.0,5.0,B
918,0.0,0.2902557014512785,1.0,0.0,3.0,A
919,0.0414651002073255,0.0,0.0,1.0,3.0,B
920,0.0683630839346752,0.0455753892897835,12.0,3.0,2.0,B
921,0.0,0.182301557159134,14.0,0.0,5.0,A
922,0.1367261678693505,0.0455753892897835,9.0,6.0,3.0,A
923,0.2734523357387011,0.1139384732244588,8.0,12.0,6.0,A
924,0.0227876946448917,0.0227876946448917,18.0,1.0,2.0,A
925,0.0455753892897835,0.0683630839346752,9.0,2.0,6.0,B
926,0.182301557159134,0.0,6.0,8.0,4.0,A
927,0.0455753892897835,0.1367261678693505,8.0,2.0,5.0,C
928,0.1139384732244588,0.2734523357387011,10.0,5.0,4.0,A
929,0.0227876946448917,0.0227876946448917,14.0,1.0,3.0,B
930,0.0288461538461538,0.0865384615384615,8.0,1.0,5.0,C
931,0.0576923076923076,0.0576923076923076,12.0,2.0,5.0,B
932,0.0865384615384615,0.1442307692307692,8.0,3.0,2.0,C
933,0.2596153846153846,0.2307692307692307,5.0,9.0,4.0,A
934,0.0,0.0,13.0,0.0,2.0,B
935,0.0865384615384615,0.0288461538461538,11.0,3.0,4.0,C
936,0.0576923076923076,0.0576923076923076,12.0,2.0,2.0,C
937,0.1442307692307692,0.0865384615384615,10.0,5.0,2.0,C
938,0.2307692307692307,0.2596153846153846,5.0,8.0,3.0,A
939,0.0,0.0,7.0,0.0,4.0,C
940,0.027359781121751,0.027359781121751,4.0,1.0,4.0,C
941,0.054719562243502,0.1641586867305061,2.0,2.0,3.0,C
942,0.027359781121751,0.082079343365253,4.0,1.0,4.0,C
943,0.054719562243502,0.2188782489740082,0.0,2.0,4.0,B
944,0.0,0.027359781121751,1.0,0.0,4.0,B
945,0.027359781121751,0.027359781121751,13.0,1.0,5.0,A
946,0.1641586867305061,0.054719562243502,9.0,6.0,0.0,B
947,0.082079343365253,0.027359781121751,6.0,3.0,0.0,C
948,0.2188782489740082,0.054719562243502,6.0,8.0,0.0,A
949,0.027359781121751,0.0,16.0,1.0,1.0,A
950,0.0,0.311284046692607,1.0,0.0,6.0,A
951,0.1167315175097276,0.0389105058365758,1.0,3.0,3.0,B
952,0.0,0.0778210116731517,1.0,0.0,3.0,C
953,0.0,0.1945525291828793,4.0,0.0,2.0,B
954,0.0389105058365758,0.0,3.0,1.0,2.0,C
955,0.311284046692607,0.0,6.0,8.0,0.0,A
956,0.0389105058365758,0.1167315175097276,7.0,1.0,1.0,C
957,0.0778210116731517,0.0,8.0,2.0,1.0,C
958,0.1945525291828793,0.0,5.0,5.0,0.0,A
959,0.0,0.0389105058365758,6.0,0.0,2.0,C
960,0.0765306122448979,0.1913265306122449,5.0,2.0,4.0,B
961,0.1530612244897959,0.0382653061224489,8.0,4.0,0.0,B
962,0.1913265306122449,0.0382653061224489,11.0,5.0,0.0,A
963,0.1913265306122449,0.0382653061224489,10.0,5.0,3.0,A
964,0.0765306122448979,0.0765306122448979,14.0,2.0,3.0,A
965,0.1913265306122449,0.0765306122448979,0.0,5.0,4.0,A
966,0.0382653061224489,0.1530612244897959,1.0,1.0,3.0,C
967,0.0382653061224489,0.1913265306122449,4.0,1.0,2.0,B
968,0.0382653061224489,0.1913265306122449,4.0,1.0,6.0,B
969,0.0765306122448979,0.0765306122448979,7.0,2.0,3.0,C
970,0.0,0.2042205582028591,2.0,0.0,2.0,B
971,0.0,0.0408441116405718,3.0,0.0,2.0,C
972,0.0,0.0408441116405718,3.0,0.0,4.0,C
973,0.1225323349217154,0.4492852280462899,0.0,3.0,2.0,A
974,0.0,0.0,3.0,0.0,8.0,A
975,0.2042205582028591,0.0,7.0,5.0,0.0,A
976,0.0408441116405718,0.0,12.0,1.0,2.0,B
977,0.0408441116405718,0.0,9.0,1.0,1.0,C
978,0.4492852280462899,0.1225323349217154,6.0,11.0,0.0,A
979,0.0,0.0,12.0,0.0,0.0,A
980,0.0371057513914656,0.0,1.0,1.0,5.0,A
981,0.1855287569573284,0.1484230055658627,3.0,5.0,3.0,B
982,0.1855287569573284,0.222634508348794,6.0,5.0,3.0,A
983,0.0,0.2968460111317254,5.0,0.0,5.0,A
984,0.0,0.0742115027829313,7.0,0.0,4.0,C
985,0.0,0.0371057513914656,12.0,0.0,3.0,B
986,0.1484230055658627,0.1855287569573284,10.0,4.0,0.0,A
987,0.222634508348794,0.1855287569573284,7.0,6.0,2.0,A
988,0.2968460111317254,0.0,9.0,8.0,2.0,A
989,0.0742115027829313,0.0,11.0,2.0,4.0,B
990,0.027868091035764,0.0,9.0,1.0,4.0,C
991,0.1393404551788202,0.0557361820715281,13.0,5.0,1.0,B
992,0.2508128193218764,0.0,7.0,9.0,0.0,A
993,0.1393404551788202,0.0557361820715281,8.0,5.0,2.0,C
994,0.027868091035764,0.1114723641430562,17.0,1.0,1.0,A
995,0.0,0.027868091035764,3.0,0.0,8.0,A
996,0.0557361820715281,0.1393404551788202,4.0,2.0,1.0,C
997,0.0,0.2508128193218764,3.0,0.0,5.0,A
998,0.0557361820715281,0.1393404551788202,3.0,2.0,2.0,C
999,0.1114723641430562,0.027868091035764,2.0,4.0,5.0,B
1000,0.0582241630276564,0.0,8.0,2.0,3.0,C
1001,0.0291120815138282,0.0582241630276564,3.0,1.0,2.0,C
1002,0.1164483260553129,0.0291120815138282,6.0,4.0,0.0,C
1003,0.1746724890829694,0.1455604075691411,5.0,6.0,1.0,B
1004,0.0291120815138282,0.0291120815138282,9.0,1.0,3.0,C
1005,0.0,0.0582241630276564,7.0,0.0,4.0,C
1006,0.0582241630276564,0.0291120815138282,5.0,2.0,4.0,C
1007,0.0291120815138282,0.1164483260553129,5.0,1.0,2.0,C
1008,0.1455604075691411,0.1746724890829694,3.0,5.0,1.0,B
1009,0.0291120815138282,0.0291120815138282,6.0,1.0,3.0,C
1010,0.135236664162284,0.067618332081142,4.0,6.0,3.0,A
1011,0.0450788880540946,0.067618332081142,5.0,2.0,5.0,C
1012,0.067618332081142,0.135236664162284,4.0,3.0,5.0,C
1013,0.0225394440270473,0.2253944402704733,5.0,1.0,4.0,B
1014,0.0,0.0225394440270473,6.0,0.0,6.0,A
1015,0.067618332081142,0.135236664162284,13.0,3.0,4.0,B
1016,0.067618332081142,0.0450788880540946,16.0,3.0,2.0,A
1017,0.135236664162284,0.067618332081142,8.0,6.0,1.0,A
1018,0.2253944402704733,0.0225394440270473,8.0,10.0,2.0,A
1019,0.0225394440270473,0.0,16.0,1.0,3.0,A
1020,0.0643776824034334,0.0321888412017167,3.0,2.0,2.0,C
1021,0.1287553648068669,0.0643776824034334,7.0,4.0,0.0,C
1022,0.0643776824034334,0.1287553648068669,6.0,2.0,2.0,C
1023,0.2896995708154506,0.0,6.0,9.0,2.0,A
1024,0.0321888412017167,0.0,9.0,1.0,1.0,C
1025,0.0321888412017167,0.0643776824034334,3.0,1.0,4.0,C
1026,0.0643776824034334,0.1287553648068669,2.0,2.0,4.0,C
1027,0.1287553648068669,0.0643776824034334,1.0,4.0,2.0,C
1028,0.0,0.2896995708154506,4.0,0.0,4.0,A
1029,0.0,0.0321888412017167,5.0,0.0,4.0,C
1030,0.0987925356750823,0.0658616904500548,8.0,3.0,2.0,C
1031,0.2963776070252469,0.1317233809001097,5.0,9.0,0.0,A
1032,0.0658616904500548,0.0329308452250274,7.0,2.0,2.0,C
1033,0.0987925356750823,0.1646542261251372,3.0,3.0,4.0,C
1034,0.0329308452250274,0.0329308452250274,3.0,1.0,5.0,B
1035,0.0658616904500548,0.0987925356750823,5.0,2.0,6.0,B
1036,0.1317233809001097,0.2963776070252469,5.0,4.0,3.0,A
1037,0.0329308452250274,0.0658616904500548,6.0,1.0,3.0,C
1038,0.1646542261251372,0.0987925356750823,4.0,5.0,2.0,C
1039,0.0329308452250274,0.0329308452250274,7.0,1.0,4.0,C
1040,0.0686106346483705,0.274442538593482,2.0,2.0,4.0,A
1041,0.0,0.0,5.0,0.0,4.0,C
1042,0.0686106346483705,0.1029159519725557,1.0,2.0,3.0,C
1043,0.137221269296741,0.1029159519725557,3.0,4.0,0.0,C
1044,0.0,0.0,4.0,0.0,3.0,C
1045,0.274442538593482,0.0686106346483705,4.0,8.0,1.0,A
1046,0.0,0.0,10.0,0.0,2.0,C
1047,0.1029159519725557,0.0686106346483705,6.0,3.0,2.0,C
1048,0.1029159519725557,0.137221269296741,5.0,3.0,2.0,C
1049,0.0,0.0,10.0,0.0,1.0,B
1050,0.145631067961165,0.0364077669902912,7.0,4.0,2.0,C
1051,0.1820388349514563,0.145631067961165,5.0,5.0,2.0,B
1052,0.0364077669902912,0.0364077669902912,9.0,1.0,1.0,C
1053,0.2548543689320388,0.0364077669902912,7.0,7.0,1.0,A
1054,0.0364077669902912,0.0,11.0,1.0,1.0,B
1055,0.0364077669902912,0.145631067961165,2.0,1.0,5.0,C
1056,0.145631067961165,0.1820388349514563,0.0,4.0,3.0,B
1057,0.0364077669902912,0.0364077669902912,2.0,1.0,4.0,C
1058,0.0364077669902912,0.2548543689320388,3.0,1.0,3.0,A
1059,0.0,0.0364077669902912,3.0,0.0,3.0,C
1060,0.0628601361969617,0.1571503404924044,5.0,2.0,5.0,C
1061,0.0628601361969617,0.2200104766893661,7.0,2.0,4.0,B
1062,0.0628601361969617,0.0628601361969617,6.0,2.0,4.0,C
1063,0.1885804085908853,0.1257202723939235,4.0,6.0,3.0,C
1064,0.0,0.0,9.0,0.0,2.0,C
1065,0.1571503404924044,0.0628601361969617,9.0,5.0,2.0,C
1066,0.2200104766893661,0.0628601361969617,7.0,7.0,0.0,B
1067,0.0628601361969617,0.0628601361969617,11.0,2.0,4.0,C
1068,0.1257202723939235,0.1885804085908853,8.0,4.0,2.0,B
1069,0.0,0.0,11.0,0.0,4.0,B
1070,0.1567398119122257,0.0313479623824451,5.0,5.0,2.0,C
1071,0.0940438871473354,0.0313479623824451,9.0,3.0,1.0,C
1072,0.0940438871473354,0.0626959247648902,2.0,3.0,4.0,C
1073,0.1880877742946708,0.1880877742946708,3.0,6.0,0.0,A
1074,0.0,0.0,7.0,0.0,3.0,C
1075,0.0313479623824451,0.1567398119122257,2.0,1.0,6.0,B
1076,0.0313479623824451,0.0940438871473354,5.0,1.0,2.0,C
1077,0.0626959247648902,0.0940438871473354,2.0,2.0,4.0,C
1078,0.1880877742946708,0.1880877742946708,2.0,6.0,2.0,B
1079,0.0,0.0,6.0,0.0,3.0,C
1080,0.0,0.0,3.0,0.0,2.0,C
1081,0.0351906158357771,0.0703812316715542,8.0,1.0,3.0,C
1082,0.3519061583577712,0.0703812316715542,5.0,10.0,1.0,A
1083,0.1407624633431085,0.1407624633431085,5.0,4.0,1.0,C
1084,0.0703812316715542,0.0351906158357771,10.0,2.0,2.0,C
1085,0.0,0.0,3.0,0.0,4.0,B
1086,0.0703812316715542,0.0351906158357771,3.0,2.0,7.0,A
1087,0.0703812316715542,0.3519061583577712,5.0,2.0,2.0,A
1088,0.1407624633431085,0.1407624633431085,0.0,4.0,1.0,B
1089,0.0351906158357771,0.0703812316715542,2.0,1.0,3.0,C
1090,0.1883091408395449,0.1412318556296586,9.0,8.0,8.0,A
1091,0.0235386426049431,0.0470772852098862,17.0,1.0,6.0,A
1092,0.2353864260494311,0.1647704982346018,12.0,10.0,5.0,A
1093,0.211847783444488,0.2824637112593173,12.0,9.0,6.0,A
1094,0.0,0.0941545704197724,21.0,0.0,7.0,A
1095,0.1412318556296586,0.1883091408395449,6.0,6.0,5.0,A
1096,0.0470772852098862,0.0235386426049431,17.0,2.0,5.0,A
1097,0.1647704982346018,0.2353864260494311,17.0,7.0,7.0,A
1098,0.2824637112593173,0.211847783444488,11.0,12.0,6.0,A
1099,0.0941545704197724,0.0,15.0,4.0,5.0,A
1100,0.1162040025823111,0.038734667527437,10.0,3.0,1.0,B
1101,0.3486120077469335,0.0,7.0,9.0,1.0,A
1102,0.1162040025823111,0.1549386701097482,11.0,3.0,3.0,A
1103,0.1936733376371852,0.1162040025823111,5.0,5.0,2.0,A
1104,0.0,0.0,15.0,0.0,1.0,A
1105,0.038734667527437,0.1162040025823111,4.0,1.0,6.0,B
1106,0.0,0.3486120077469335,4.0,0.0,5.0,A
1107,0.1549386701097482,0.1162040025823111,2.0,4.0,2.0,B
1108,0.1162040025823111,0.1936733376371852,4.0,3.0,1.0,B
1109,0.0,0.0,4.0,0.0,6.0,A
1110,0.2584968884633796,0.2297750119674485,6.0,9.0,7.0,A
1111,0.1148875059837242,0.2010531354715174,9.0,4.0,10.0,A
1112,0.0574437529918621,0.1436093824796553,13.0,2.0,6.0,A
1113,0.1723312589755863,0.2584968884633796,9.0,6.0,5.0,A
1114,0.0,0.1436093824796553,13.0,0.0,6.0,A
1115,0.2297750119674485,0.2584968884633796,15.0,8.0,3.0,A
1116,0.2010531354715174,0.1148875059837242,18.0,7.0,4.0,A
1117,0.1436093824796553,0.0574437529918621,14.0,5.0,5.0,A
1118,0.2584968884633796,0.1723312589755863,13.0,9.0,6.0,A
1119,0.1436093824796553,0.0,22.0,5.0,3.0,A
1120,0.0289435600578871,0.0,1.0,1.0,3.0,B
1121,0.0,0.0868306801736613,4.0,0.0,1.0,C
1122,0.0289435600578871,0.0868306801736613,4.0,1.0,3.0,C
1123,0.0868306801736613,0.0868306801736613,2.0,3.0,1.0,C
1124,0.0868306801736613,0.0289435600578871,3.0,3.0,2.0,C
1125,0.0,0.0289435600578871,5.0,0.0,2.0,C
1126,0.0868306801736613,0.0,4.0,3.0,0.0,C
1127,0.0868306801736613,0.0289435600578871,5.0,3.0,4.0,C
1128,0.0868306801736613,0.0868306801736613,5.0,3.0,1.0,C
1129,0.0289435600578871,0.0868306801736613,8.0,1.0,1.0,C
1130,0.0555812876331635,0.1945345067160722,0.0,2.0,3.0,B
1131,0.0,0.0555812876331635,7.0,0.0,5.0,C
1132,0.0277906438165817,0.1667438628994905,3.0,1.0,5.0,C
1133,0.0833719314497452,0.1389532190829087,3.0,3.0,5.0,C
1134,0.0277906438165817,0.0277906438165817,6.0,1.0,3.0,C
1135,0.1945345067160722,0.0555812876331635,5.0,7.0,0.0,A
1136,0.0555812876331635,0.0,11.0,2.0,1.0,C
1137,0.1667438628994905,0.0277906438165817,5.0,6.0,1.0,B
1138,0.1389532190829087,0.0833719314497452,8.0,5.0,1.0,C
1139,0.0277906438165817,0.0277906438165817,11.0,1.0,4.0,C
1140,0.1485148514851485,0.0891089108910891,3.0,5.0,5.0,B
1141,0.0297029702970297,0.0594059405940594,4.0,1.0,3.0,C
1142,0.0891089108910891,0.0891089108910891,3.0,3.0,2.0,C
1143,0.0594059405940594,0.2673267326732673,4.0,2.0,3.0,A
1144,0.0297029702970297,0.0594059405940594,3.0,1.0,6.0,B
1145,0.0891089108910891,0.1485148514851485,11.0,3.0,4.0,B
1146,0.0594059405940594,0.0297029702970297,13.0,2.0,2.0,B
1147,0.0891089108910891,0.0891089108910891,12.0,3.0,3.0,C
1148,0.2673267326732673,0.0594059405940594,4.0,9.0,0.0,A
1149,0.0594059405940594,0.0297029702970297,11.0,2.0,3.0,C
1150,0.1110596945858398,0.1665895418787598,9.0,4.0,4.0,C
1151,0.1388246182322998,0.1388246182322998,6.0,5.0,5.0,C
1152,0.2498843128181397,0.1110596945858398,9.0,9.0,4.0,A
1153,0.1388246182322998,0.1110596945858398,6.0,5.0,6.0,B
1154,0.0,0.0832947709393799,14.0,0.0,3.0,A
1155,0.1665895418787598,0.1110596945858398,7.0,6.0,3.0,C
1156,0.1388246182322998,0.1388246182322998,11.0,5.0,5.0,B
1157,0.1110596945858398,0.2498843128181397,9.0,4.0,6.0,A
1158,0.1110596945858398,0.1388246182322998,11.0,4.0,4.0,C
1159,0.0832947709393799,0.0,8.0,3.0,5.0,B
1160,0.1222493887530562,0.0244498777506112,12.0,5.0,0.0,A
1161,0.1222493887530562,0.0,11.0,5.0,1.0,B
1162,0.0244498777506112,0.0733496332518337,13.0,1.0,3.0,B
1163,0.2689486552567237,0.0733496332518337,5.0,11.0,0.0,A
1164,0.0,0.0,17.0,0.0,3.0,A
1165,0.0244498777506112,0.1222493887530562,2.0,1.0,7.0,A
1166,0.0,0.1222493887530562,2.0,0.0,3.0,C
1167,0.0733496332518337,0.0244498777506112,3.0,3.0,4.0,C
1168,0.0733496332518337,0.2689486552567237,2.0,3.0,4.0,A
1169,0.0,0.0,4.0,0.0,4.0,B
1170,0.0390117035110533,0.1170351105331599,1.0,1.0,3.0,C
1171,0.0780234070221066,0.0390117035110533,1.0,2.0,3.0,C
1172,0.0390117035110533,0.2340702210663199,1.0,1.0,4.0,B
1173,0.0,0.3120936280884265,2.0,0.0,6.0,A
1174,0.0,0.0780234070221066,3.0,0.0,4.0,C
1175,0.1170351105331599,0.0390117035110533,4.0,3.0,0.0,C
1176,0.0390117035110533,0.0780234070221066,9.0,1.0,2.0,C
1177,0.2340702210663199,0.0390117035110533,11.0,6.0,0.0,A
1178,0.3120936280884265,0.0,6.0,8.0,0.0,A
1179,0.0780234070221066,0.0,11.0,2.0,2.0,B
1180,0.0658616904500548,0.0329308452250274,6.0,2.0,1.0,C
1181,0.0987925356750823,0.0329308452250274,7.0,3.0,4.0,C
1182,0.0987925356750823,0.0329308452250274,6.0,3.0,1.0,C
1183,0.0658616904500548,0.1317233809001097,3.0,2.0,0.0,B
1184,0.0,0.0329308452250274,5.0,0.0,2.0,C
1185,0.0329308452250274,0.0658616904500548,4.0,1.0,3.0,C
1186,0.0329308452250274,0.0987925356750823,5.0,1.0,2.0,C
1187,0.0329308452250274,0.0987925356750823,2.0,1.0,2.0,C
1188,0.1317233809001097,0.0658616904500548,1.0,4.0,1.0,C
1189,0.0329308452250274,0.0,2.0,1.0,2.0,C
